external_id,name,area,category,address,lat,lng,manual_score,tags,time_slots,place_url,is_active
1175615545,만쥬킹 홍대입구역점,hongdae,restaurant,서울 마포구 양화로 지하 160,37.5568904995509,126.923674420677,50,{식사},"{lunch,dinner}",http://place.map.kakao.com/1175615545,true
956245703,홍대쌀빵,hongdae,restaurant,서울 마포구 양화로 지하 160,37.5568904995446,126.923674420677,50,{식사},"{lunch,dinner}",http://place.map.kakao.com/956245703,true
9338527,이대조뼈다귀,hongdae,restaurant,서울 마포구 동교로 196,37.557475691634096,126.92297213011126,50,{식사},"{lunch,dinner}",http://place.map.kakao.com/9338527,true
1676429866,눈꽃갈비,hongdae,restaurant,서울 마포구 양화로18길 3,37.5570262019358,126.924534417744,50,{식사},"{lunch,dinner}",http://place.map.kakao.com/1676429866,true
234865859,스시엔준,hongdae,restaurant,서울 마포구 동교로 198,37.5576559234122,126.923021742321,50,{식사},"{lunch,dinner}",http://place.map.kakao.com/234865859,true
15349832,김밥먹는날,hongdae,restaurant,서울 마포구 동교로 198,37.55763697665348,126.92298214998628,50,{식사},"{lunch,dinner}",http://place.map.kakao.com/15349832,true
990417755,생활맥주 홍대동교동점,hongdae,restaurant,서울 마포구 동교로 198,37.55769196253391,126.92302057347955,50,{식사},"{lunch,dinner}",http://place.map.kakao.com/990417755,true
24397780,신진도간장게장,hongdae,restaurant,서울 마포구 월드컵북로2길 41,37.5570394939899,126.922796024961,50,{식사},"{lunch,dinner}",http://place.map.kakao.com/24397780,true
10306024,던킨 홍대역점,hongdae,restaurant,서울 마포구 양화로 157,37.55663777957654,126.92299562764298,50,{식사},"{lunch,dinner}",http://place.map.kakao.com/10306024,true
256322896,보승회관 연남직영점,hongdae,restaurant,서울 마포구 동교로 192,37.5571691456485,126.922655553037,50,{식사},"{lunch,dinner}",http://place.map.kakao.com/256322896,true
1622865435,하이디라오 홍대지점,hongdae,restaurant,서울 마포구 양화로 176,37.5571921297692,126.924760602353,50,{식사},"{lunch,dinner}",http://place.map.kakao.com/1622865435,true
1842674769,훠궈먹고 홍대점,hongdae,restaurant,서울 마포구 양화로18길 9,37.5567902463056,126.924699891731,50,{식사},"{lunch,dinner}",http://place.map.kakao.com/1842674769,true
8212521,김장독 홍대본점,hongdae,restaurant,서울 마포구 양화로18길 9,37.5567776338022,126.924702167929,50,{식사},"{lunch,dinner}",http://place.map.kakao.com/8212521,true
577617475,애슐리퀸즈 홍대점,hongdae,restaurant,서울 마포구 양화로 176,37.5572472338664,126.924985767299,50,{식사},"{lunch,dinner}",http://place.map.kakao.com/577617475,true
152564402,반티엔야오 카오위 홍대점,hongdae,restaurant,서울 마포구 양화로 176,37.5572472338664,126.924985767299,50,{식사},"{lunch,dinner}",http://place.map.kakao.com/152564402,true
579909560,마라공방 홍대입구역직영점,hongdae,restaurant,서울 마포구 양화로18길 12,37.55648205778569,126.92462550641248,50,{식사},"{lunch,dinner}",http://place.map.kakao.com/579909560,true
1074664656,포머이쌀국수 홍대연남점,hongdae,restaurant,서울 마포구 동교로 195,37.55780433335179,126.92263226112361,50,{식사},"{lunch,dinner}",http://place.map.kakao.com/1074664656,true
1731822902,마라탄탄면,hongdae,restaurant,서울 마포구 양화로19길 2,37.5579245836707,126.924671587764,50,{식사},"{lunch,dinner}",http://place.map.kakao.com/1731822902,true
14555844,청기와갈비,hongdae,restaurant,서울 마포구 동교로 188-1,37.5569743580975,126.922393186879,50,{식사},"{lunch,dinner}",http://place.map.kakao.com/14555844,true
684924876,산장물갈비,hongdae,restaurant,서울 마포구 양화로19길 2,37.5579308993038,126.924685162657,50,{식사},"{lunch,dinner}",http://place.map.kakao.com/684924876,true
1245581337,치버킹 본점,hongdae,restaurant,서울 마포구 동교로 195,37.5578133203274,126.922597166989,50,{식사},"{lunch,dinner}",http://place.map.kakao.com/1245581337,true
17590787,홍대최대포,hongdae,restaurant,서울 마포구 양화로19길 10,37.55814331450452,126.92434088953158,50,{식사},"{lunch,dinner}",http://place.map.kakao.com/17590787,true
24643017,일편등심,hongdae,restaurant,서울 마포구 홍익로6길 52,37.5562728789345,126.924394840958,50,{식사},"{lunch,dinner}",http://place.map.kakao.com/24643017,true
19909154,깐부치킨 홍대동교동점,hongdae,restaurant,서울 마포구 동교로 191,37.5574644942667,126.922383624447,50,{식사},"{lunch,dinner}",http://place.map.kakao.com/19909154,true
2126412831,만족오향족발 홍대역점,hongdae,restaurant,서울 마포구 동교로 191,37.5575726376489,126.922419728771,50,{식사},"{lunch,dinner}",http://place.map.kakao.com/2126412831,true
24183253,면사랑,hongdae,restaurant,서울 마포구 양화로 156,37.55612899834486,126.92342960899774,50,{식사},"{lunch,dinner}",http://place.map.kakao.com/24183253,true
628981699,평안도상원냉면,hongdae,restaurant,서울 마포구 양화로 156,37.5561136938758,126.923448864295,50,{식사},"{lunch,dinner}",http://place.map.kakao.com/628981699,true
819026940,언더그라운드,hongdae,restaurant,서울 마포구 양화로 156,37.55611279141156,126.92344660173167,50,{식사},"{lunch,dinner}",http://place.map.kakao.com/819026940,true
25575596,제시카알바,hongdae,restaurant,서울 마포구 동교로 191,37.55754377600657,126.92237448809236,50,{식사},"{lunch,dinner}",http://place.map.kakao.com/25575596,true
15608585,쫑아네,hongdae,restaurant,서울 마포구 양화로 156,37.55609928379774,126.92345793298156,50,{식사},"{lunch,dinner}",http://place.map.kakao.com/15608585,true
23149152,대관령메밀막국수자연샤브샤브,hongdae,restaurant,서울 마포구 동교로 197,37.557958424512,126.9226637914,50,{식사},"{lunch,dinner}",http://place.map.kakao.com/23149152,true
15790820,동보성,hongdae,restaurant,서울 마포구 양화로19길 16,37.5582657352957,126.92416194515,50,{식사},"{lunch,dinner}",http://place.map.kakao.com/15790820,true
1200972140,서울소사이어티클럽,hongdae,restaurant,서울 마포구 양화로 177-1,37.5579849865248,126.924728115543,50,{식사},"{lunch,dinner}",http://place.map.kakao.com/1200972140,true
16994922,뽀르뚜아,hongdae,restaurant,서울 마포구 동교로 201,37.5581892926461,126.922989503934,50,{식사},"{lunch,dinner}",http://place.map.kakao.com/16994922,true
1773725698,중경식객 홍대점,hongdae,restaurant,서울 마포구 홍익로6길 46,37.5560942906102,126.924097372948,50,{식사},"{lunch,dinner}",http://place.map.kakao.com/1773725698,true
1212542828,올바른스시 홍대역직영점,hongdae,restaurant,서울 마포구 동교로 199-1,37.5581243278056,126.922846967294,50,{식사},"{lunch,dinner}",http://place.map.kakao.com/1212542828,true
398739548,이가 산시도삭면,hongdae,restaurant,서울 마포구 홍익로6길 46,37.5560924849789,126.924091716064,50,{식사},"{lunch,dinner}",http://place.map.kakao.com/398739548,true
37052170,더블플레이치킨 동교동본점,hongdae,restaurant,서울 마포구 동교로 201,37.55820279873313,126.92297590873416,50,{식사},"{lunch,dinner}",http://place.map.kakao.com/37052170,true
183124871,와플대학 홍대캠퍼스,hongdae,restaurant,서울 마포구 양화로 176,37.55728338217618,126.92515662698969,50,{식사},"{lunch,dinner}",http://place.map.kakao.com/183124871,true
1805571619,우동가조쿠 홍대점,hongdae,restaurant,서울 마포구 양화로19길 18,37.5583269565044,126.924089449381,50,{식사},"{lunch,dinner}",http://place.map.kakao.com/1805571619,true
1317985245,마라공간마라탕 홍대점,hongdae,restaurant,서울 마포구 어울마당로 131-1,37.5562179891013,126.924505807423,50,{식사},"{lunch,dinner}",http://place.map.kakao.com/1317985245,true
1550433128,아트몬스터 홍대점,hongdae,restaurant,서울 마포구 어울마당로 131,37.5561647629489,126.92440060891,50,{식사},"{lunch,dinner}",http://place.map.kakao.com/1550433128,true
132754911,보승회관 홍대직영점,hongdae,restaurant,서울 마포구 어울마당로 131,37.5561647622243,126.924399477166,50,{식사},"{lunch,dinner}",http://place.map.kakao.com/132754911,true
532253589,무쏘 홍대입구역점,hongdae,restaurant,서울 마포구 어울마당로 131,37.5561647622243,126.924399477166,50,{식사},"{lunch,dinner}",http://place.map.kakao.com/532253589,true
995685331,몽달,hongdae,restaurant,서울 마포구 월드컵북로2길 31,37.5567472697464,126.922336834739,50,{식사},"{lunch,dinner}",http://place.map.kakao.com/995685331,true
22105109,스타벅스 홍대역점,hongdae,cafe,서울 마포구 양화로 165,37.5572887166274,126.923637798148,50,"{카페,대화}","{cafe,dessert}",http://place.map.kakao.com/22105109,true
26532091,투썸플레이스 홍대입구역점,hongdae,cafe,서울 마포구 월드컵북로2길 57,37.557439953584975,126.92343618991804,50,"{카페,대화}","{cafe,dessert}",http://place.map.kakao.com/26532091,true
830528731,카페인오초,hongdae,cafe,서울 마포구 월드컵북로2길 57,37.5574939678539,126.923365965267,50,"{카페,대화}","{cafe,dessert}",http://place.map.kakao.com/830528731,true
591357129,청년문화공간동교동,hongdae,cafe,서울 마포구 월드컵북로2길 49,37.55721173655186,126.92302898981784,50,"{카페,대화}","{cafe,dessert}",http://place.map.kakao.com/591357129,true
1844967189,공차 홍대입구역점,hongdae,cafe,서울 마포구 양화로 166,37.556827757912146,126.9241837740643,50,"{카페,대화}","{cafe,dessert}",http://place.map.kakao.com/1844967189,true
1485627824,스타벅스 홍대역8번출구점,hongdae,cafe,서울 마포구 양화로 166,37.5567448560452,126.924168013515,50,"{카페,대화}","{cafe,dessert}",http://place.map.kakao.com/1485627824,true
23634722,1984,hongdae,cafe,서울 마포구 동교로 194,37.5573639089622,126.922881704192,50,"{카페,대화}","{cafe,dessert}",http://place.map.kakao.com/23634722,true
1482644032,할리스 홍대역2번출구점,hongdae,cafe,서울 마포구 동교로 200,37.5577605038959,126.923121230348,50,"{카페,대화}","{cafe,dessert}",http://place.map.kakao.com/1482644032,true
50216955,공미학 마포홍대점,hongdae,cafe,서울 마포구 양화로 162,37.556429314936146,126.92386955175071,50,"{카페,대화}","{cafe,dessert}",http://place.map.kakao.com/50216955,true
1356799809,홍콩다방 홍대입구역점,hongdae,cafe,서울 마포구 양화로18길 9,37.55676948656388,126.92464219320048,50,"{카페,대화}","{cafe,dessert}",http://place.map.kakao.com/1356799809,true
1203662847,엘로엘 & 로 커피,hongdae,cafe,서울 마포구 홍익로6길 67,37.5569317612082,126.924791421549,50,"{카페,대화}","{cafe,dessert}",http://place.map.kakao.com/1203662847,true
89508097,커피덕,hongdae,cafe,서울 마포구 월드컵북로2길 37,37.55685378201484,126.92263324389977,50,"{카페,대화}","{cafe,dessert}",http://place.map.kakao.com/89508097,true
493483079,M카페,hongdae,cafe,서울 마포구 양화로 176,37.5572319118907,126.924977860337,50,"{카페,대화}","{cafe,dessert}",http://place.map.kakao.com/493483079,true
2079245763,메가MGC커피 동교삼거리점,hongdae,cafe,서울 마포구 동교로 199,37.558008981031,126.92281766015,50,"{카페,대화}","{cafe,dessert}",http://place.map.kakao.com/2079245763,true
1122349532,투썸플레이스 홍대CGV스윗바점,hongdae,cafe,서울 마포구 양화로 153,37.5564267925965,126.922760441141,50,"{카페,대화}","{cafe,dessert}",http://place.map.kakao.com/1122349532,true
27380472,옻칠갤러리카페,hongdae,cafe,서울 마포구 월드컵북로2길 33,37.55679689448855,126.92244316808761,50,"{카페,대화}","{cafe,dessert}",http://place.map.kakao.com/27380472,true
1969925488,메가MGC커피 홍대입구역점,hongdae,cafe,서울 마포구 홍익로6길 48,37.55619709509767,126.9242387367584,50,"{카페,대화}","{cafe,dessert}",http://place.map.kakao.com/1969925488,true
1761416043,커피빈 홍대역8번출구점,hongdae,cafe,서울 마포구 양화로18안길 7,37.5567742084775,126.92498284622,50,"{카페,대화}","{cafe,dessert}",http://place.map.kakao.com/1761416043,true
529253496,비밀의화원 다운타운 홍대점,hongdae,cafe,서울 마포구 양화로 156,37.5561064859019,126.923448871669,50,"{카페,대화}","{cafe,dessert}",http://place.map.kakao.com/529253496,true
18657395,심리카페닷컴,hongdae,cafe,서울 마포구 어울마당로 133,37.556251419961,126.924652900611,50,"{카페,대화}","{cafe,dessert}",http://place.map.kakao.com/18657395,true
231272664,스타벅스 홍대공항철도역점,hongdae,cafe,서울 마포구 양화로 178,37.557509550972256,126.92518582665798,50,"{카페,대화}","{cafe,dessert}",http://place.map.kakao.com/231272664,true
1007769753,카페게이트 동교점,hongdae,cafe,서울 마포구 동교로 203,37.5583244915411,126.92306519384,50,"{카페,대화}","{cafe,dessert}",http://place.map.kakao.com/1007769753,true
1618571685,차백도 홍대1호점,hongdae,cafe,서울 마포구 양화로18안길 8,37.5565940551388,126.925055458862,50,"{카페,대화}","{cafe,dessert}",http://place.map.kakao.com/1618571685,true
965561452,바나프레소 동교점,hongdae,cafe,서울 마포구 동교로 205,37.5584173347071,126.923127346186,50,"{카페,대화}","{cafe,dessert}",http://place.map.kakao.com/965561452,true
1770405689,러브엔젤 메이드카페,hongdae,cafe,서울 마포구 홍익로6길 38,37.5558670294436,126.923771662427,50,"{카페,대화}","{cafe,dessert}",http://place.map.kakao.com/1770405689,true
104516247,오스카 커피부스,hongdae,cafe,서울 마포구 동교로 187,37.5572047462075,126.921987777901,50,"{카페,대화}","{cafe,dessert}",http://place.map.kakao.com/104516247,true
2134411175,벌툰 봉화당 홍대입구역점,hongdae,cafe,서울 마포구 어울마당로 137,37.5564499530999,126.925146143059,50,"{카페,대화}","{cafe,dessert}",http://place.map.kakao.com/2134411175,true
9362425,위드커피,hongdae,cafe,서울 마포구 양화로18안길 12,37.5566843183141,126.92531340793,50,"{카페,대화}","{cafe,dessert}",http://place.map.kakao.com/9362425,true
15985522,이미커피,hongdae,cafe,서울 마포구 동교로25길 7,37.55747500027613,126.92191959031598,50,"{카페,대화}","{cafe,dessert}",http://place.map.kakao.com/15985522,true
808358721,토커바웃커피 브루어스,hongdae,cafe,서울 마포구 동교로 185,37.55711005549745,126.92185772439467,50,"{카페,대화}","{cafe,dessert}",http://place.map.kakao.com/808358721,true
1868218412,재신 동교,hongdae,cafe,서울 마포구 월드컵북로2길 25,37.556464196494446,126.92209380255109,50,"{카페,대화}","{cafe,dessert}",http://place.map.kakao.com/1868218412,true
42248597,데이롱카페 홍대점,hongdae,cafe,서울 마포구 동교로 182-6,37.5565848687744,126.92200087338,50,"{카페,대화}","{cafe,dessert}",http://place.map.kakao.com/42248597,true
772136066,피에스타7커피 홍대경인점,hongdae,cafe,서울 마포구 홍익로6길 83,37.5574061717155,126.925558280031,50,"{카페,대화}","{cafe,dessert}",http://place.map.kakao.com/772136066,true
10600580,써니네,hongdae,cafe,서울 마포구 양화로18안길 16,37.5567060480685,126.925480885594,50,"{카페,대화}","{cafe,dessert}",http://place.map.kakao.com/10600580,true
878043727,씨더라이트,hongdae,cafe,서울 마포구 양화로18안길 16,37.5567204725862,126.925494452261,50,"{카페,대화}","{cafe,dessert}",http://place.map.kakao.com/878043727,true
19807068,딥커피,hongdae,cafe,서울 마포구 동교로 209,37.558714803316974,126.9233420793055,50,"{카페,대화}","{cafe,dessert}",http://place.map.kakao.com/19807068,true
1753788546,페어베리바나나,hongdae,cafe,서울 마포구 어울마당로 136,37.5559849202411,126.924959870876,50,"{카페,대화}","{cafe,dessert}",http://place.map.kakao.com/1753788546,true
144696587,에로스 사주 타로 카페,hongdae,cafe,서울 마포구 홍익로6길 30,37.5556334728668,126.923465199838,50,"{카페,대화}","{cafe,dessert}",http://place.map.kakao.com/144696587,true
2120763747,버티컬커피,hongdae,cafe,서울 마포구 어울마당로 134,37.55590648746437,126.92488751814653,50,"{카페,대화}","{cafe,dessert}",http://place.map.kakao.com/2120763747,true
769747960,자바라노,hongdae,cafe,서울 마포구 어울마당로 126-1,37.5556393475734,126.924191768492,50,"{카페,대화}","{cafe,dessert}",http://place.map.kakao.com/769747960,true
27601004,골든크레마,hongdae,cafe,서울 마포구 어울마당로 121,37.5555767555293,126.923535425431,50,"{카페,대화}","{cafe,dessert}",http://place.map.kakao.com/27601004,true
527315810,숲다방,hongdae,cafe,서울 마포구 양화로 183,37.558301544097255,126.92521219745218,50,"{카페,대화}","{cafe,dessert}",http://place.map.kakao.com/527315810,true
915464390,핑크스,hongdae,cafe,서울 마포구 어울마당로 136-1,37.556044518909,126.925169183451,50,"{카페,대화}","{cafe,dessert}",http://place.map.kakao.com/915464390,true
928674039,레끄레오 보드게임카페,hongdae,cafe,서울 마포구 홍익로6길 27,37.5556197299792,126.923114375754,50,"{카페,대화}","{cafe,dessert}",http://place.map.kakao.com/928674039,true
25606682,17도씨,hongdae,cafe,서울 마포구 양화로19길 22-16,37.55874437401848,126.92448854538745,50,"{카페,대화}","{cafe,dessert}",http://place.map.kakao.com/25606682,true
1666527949,다리소극장,hongdae,culture,서울 마포구 월드컵북로2길 49,37.557227066772,126.923049345733,50,"{문화,실내}","{culture,walk}",http://place.map.kakao.com/1666527949,true
7856282,롯데시네마 홍대입구,hongdae,culture,서울 마포구 양화로 176,37.55707507803642,126.92488294990305,50,"{문화,실내}","{culture,walk}",http://place.map.kakao.com/7856282,true
17532139,인디스페이스,hongdae,culture,서울 마포구 양화로 176,37.55724272960245,126.92498690357512,50,"{문화,실내}","{culture,walk}",http://place.map.kakao.com/17532139,true
736911576,TheColorSpot꿈속의 자연,hongdae,culture,서울 마포구 양화로 176,37.5572472338664,126.924985767299,50,"{문화,실내}","{culture,walk}",http://place.map.kakao.com/736911576,true
9891056,서울디자인재단 마포디자인취업센터,hongdae,culture,서울 마포구 양화로 176,37.5572319722586,126.925072928144,50,"{문화,실내}","{culture,walk}",http://place.map.kakao.com/9891056,true
25540042,CGV 홍대,hongdae,culture,서울 마포구 양화로 153,37.5565023873948,126.922624553201,50,"{문화,실내}","{culture,walk}",http://place.map.kakao.com/25540042,true
8275621,라이브앤라우드,hongdae,culture,서울 마포구 동교로 191,37.5575473621315,126.92234732201,50,"{문화,실내}","{culture,walk}",http://place.map.kakao.com/8275621,true
1365253252,메가박스 홍대,hongdae,culture,서울 마포구 양화로 147,37.55604249793133,126.92204557664462,50,"{문화,실내}","{culture,walk}",http://place.map.kakao.com/1365253252,true
1066689336,CGV 연남,hongdae,culture,서울 마포구 양화로 186,37.55767576550851,126.92586924777187,50,"{문화,실내}","{culture,walk}",http://place.map.kakao.com/1066689336,true
335952782,스튜디오엔텐바흐,hongdae,culture,서울 마포구 동교로 178,37.556283774898,126.92175786183,50,"{문화,실내}","{culture,walk}",http://place.map.kakao.com/335952782,true
32051371,브릭아트뮤지엄,hongdae,culture,서울 마포구 양화로 186,37.5576685724497,126.925893022004,50,"{문화,실내}","{culture,walk}",http://place.map.kakao.com/32051371,true
2077723370,덕스(DUEX),hongdae,culture,서울 마포구 양화로 186,37.5576983954636,126.926036726927,50,"{문화,실내}","{culture,walk}",http://place.map.kakao.com/2077723370,true
667007762,4223마음센터,hongdae,culture,서울 마포구 월드컵북로4길 43,37.5581955648853,126.921567988226,50,"{문화,실내}","{culture,walk}",http://place.map.kakao.com/667007762,true
560668862,4233마음센터,hongdae,culture,서울 마포구 월드컵북로4길 43,37.5582081818418,126.921572502101,50,"{문화,실내}","{culture,walk}",http://place.map.kakao.com/560668862,true
8091800,에스원필립,hongdae,culture,서울 마포구 어울마당로 146,37.5562126916581,126.926101573096,50,"{문화,실내}","{culture,walk}",http://place.map.kakao.com/8091800,true
253166126,아이뮤지엄젤리스,hongdae,culture,서울 마포구 양화로 지하 188,37.5577644051173,126.926415804091,50,"{문화,실내}","{culture,walk}",http://place.map.kakao.com/253166126,true
1111419203,스페이스갤러리아 서울홍대,hongdae,culture,서울 마포구 양화로 188,37.5578112477608,126.92640104503,50,"{문화,실내}","{culture,walk}",http://place.map.kakao.com/1111419203,true
65894579,뮤씨엄 홍대점,hongdae,culture,서울 마포구 양화로 188,37.55773922444777,126.9264916573095,50,"{문화,실내}","{culture,walk}",http://place.map.kakao.com/65894579,true
1479988567,스페이스2874,hongdae,culture,서울 마포구 어울마당로 113,37.5549744863617,126.922915854861,50,"{문화,실내}","{culture,walk}",http://place.map.kakao.com/1479988567,true
1550330237,두레문화원,hongdae,culture,서울 마포구 홍익로2길 27,37.5548382362104,126.923997923457,50,"{문화,실내}","{culture,walk}",http://place.map.kakao.com/1550330237,true
1401986716,히피토끼,hongdae,culture,서울 마포구 와우산로29길 66,37.5562815370912,126.926694539995,50,"{문화,실내}","{culture,walk}",http://place.map.kakao.com/1401986716,true
136549427,성수미술관 연남점,hongdae,culture,서울 마포구 양화로23길 28,37.5596069959436,126.925066022734,50,"{문화,실내}","{culture,walk}",http://place.map.kakao.com/136549427,true
1264847455,홍대스윙홀,hongdae,culture,서울 마포구 동교로 162-5,37.5556394837157,126.920294068797,50,"{문화,실내}","{culture,walk}",http://place.map.kakao.com/1264847455,true
755611647,이엔에이파트너스,hongdae,culture,서울 마포구 월드컵북로 19,37.5563805998539,126.919696848538,50,"{문화,실내}","{culture,walk}",http://place.map.kakao.com/755611647,true
2091980303,어반플루토,hongdae,culture,서울 마포구 와우산로29라길 26,37.55482548745088,126.92663372145057,50,"{문화,실내}","{culture,walk}",http://place.map.kakao.com/2091980303,true
947630998,홍대갤러리 키르큐펠,hongdae,culture,서울 마포구 와우산로25길 26,37.5544503282331,126.926081810717,50,"{문화,실내}","{culture,walk}",http://place.map.kakao.com/947630998,true
850242043,윤봉길의사기념센터,hongdae,culture,서울 마포구 월드컵북로 30,37.5573345786279,126.919436651339,50,"{문화,실내}","{culture,walk}",http://place.map.kakao.com/850242043,true
1521593624,모노플렉스앳라이즈,hongdae,culture,서울 마포구 양화로 130,37.5543345515158,126.921207622105,50,"{문화,실내}","{culture,walk}",http://place.map.kakao.com/1521593624,true
1383862093,캐비티룸,hongdae,culture,서울 마포구 동교로25길 58,37.559320888735,126.920191681518,50,"{문화,실내}","{culture,walk}",http://place.map.kakao.com/1383862093,true
183686597,JS갤러리,hongdae,culture,서울 마포구 와우산로29길 48-24,37.55628056494453,126.92804358212521,50,"{문화,실내}","{culture,walk}",http://place.map.kakao.com/183686597,true
927286713,챕터투,hongdae,culture,서울 마포구 동교로27길 54,37.5602928429239,126.921203611709,50,"{문화,실내}","{culture,walk}",http://place.map.kakao.com/927286713,true
219646128,팟빵홀,hongdae,culture,서울 마포구 와우산로29길 42,37.5556407688132,126.927899335071,50,"{문화,실내}","{culture,walk}",http://place.map.kakao.com/219646128,true
1486499807,세트리스트,hongdae,culture,서울 마포구 신촌로2안길 30,37.5570314106829,126.928562336739,50,"{문화,실내}","{culture,walk}",http://place.map.kakao.com/1486499807,true
1644038519,세토리라이브홀,hongdae,culture,서울 마포구 신촌로2안길 30,37.5570287083776,126.928563471076,50,"{문화,실내}","{culture,walk}",http://place.map.kakao.com/1644038519,true
22863232,건담이지키는작업실,hongdae,culture,서울 마포구 월드컵북로1길 26-14,37.555163158221205,126.91941182749642,50,"{문화,실내}","{culture,walk}",http://place.map.kakao.com/22863232,true
1818724881,스타티스뮤지엄,hongdae,culture,서울 마포구 홍익로5길 30,37.5539279034877,126.920762156361,50,"{문화,실내}","{culture,walk}",http://place.map.kakao.com/1818724881,true
26842920,웨스트브릿지,hongdae,culture,서울 마포구 와우산로25길 6,37.5536719141836,126.926158403882,50,"{문화,실내}","{culture,walk}",http://place.map.kakao.com/26842920,true
2138350386,와우갤러리,hongdae,culture,서울 마포구 와우산로 99,37.5531843800161,126.924583559731,50,"{문화,실내}","{culture,walk}",http://place.map.kakao.com/2138350386,true
1027819854,H스테이지,hongdae,culture,서울 마포구 와우산로 97,37.5530887222772,126.924345999613,50,"{문화,실내}","{culture,walk}",http://place.map.kakao.com/1027819854,true
978657107,제이엘씨어터,hongdae,culture,서울 마포구 어울마당로 94-8,37.5531504134308,126.922224002393,50,"{문화,실내}","{culture,walk}",http://place.map.kakao.com/978657107,true
940176431,온맘씨어터,hongdae,culture,서울 마포구 어울마당로 94-8,37.5531323897538,126.922218362632,50,"{문화,실내}","{culture,walk}",http://place.map.kakao.com/940176431,true
896222234,아트스페이스 담다,hongdae,culture,서울 마포구 동교로38길 38,37.5611930926668,126.925607707966,50,"{문화,실내}","{culture,walk}",http://place.map.kakao.com/896222234,true
8462316,상설무대우리소리,hongdae,culture,서울 마포구 월드컵북로5가길 8-7,37.5567625253333,126.918242135847,50,"{문화,실내}","{culture,walk}",http://place.map.kakao.com/8462316,true
210589717,루에노 갤러리,hongdae,culture,서울 마포구 와우산로35길 29,37.55607212486633,126.92902047659582,50,"{문화,실내}","{culture,walk}",http://place.map.kakao.com/210589717,true
18619032,어쿠스틱홀릭,hongdae,culture,서울 마포구 와우산로29길 26,37.55521773758919,126.92861952284979,50,"{문화,실내}","{culture,walk}",http://place.map.kakao.com/18619032,true
8177904,홍대걷고싶은거리,hongdae,attraction,서울 마포구 서교동 348-40,37.5559412279911,126.924263894094,50,"{구경,산책}","{walk,culture}",http://place.map.kakao.com/8177904,true
1896001865,홍대레드로드 R2,hongdae,attraction,서울 마포구 서교동 350-5,37.5562471232396,126.924979979367,50,"{구경,산책}","{walk,culture}",http://place.map.kakao.com/1896001865,true
1042929852,홍대레드로드 R1,hongdae,attraction,서울 마포구 서교동 348-24,37.5564326381631,126.926266591141,50,"{구경,산책}","{walk,culture}",http://place.map.kakao.com/1042929852,true
1259545565,스머프 매직 포레스트 홍대점,hongdae,attraction,서울 마포구 어울마당로 151-1,37.5568320510154,126.926701922993,50,"{구경,산책}","{walk,culture}",http://place.map.kakao.com/1259545565,true
894935123,서울명예도로 끼리끼리1길,hongdae,attraction,서울 마포구 동교동 192-44,37.5595580358774,126.924585058675,50,"{구경,산책}","{walk,culture}",http://place.map.kakao.com/894935123,true
1577869384,서울명예도로 노벨길(경의선숲길 홍대입구역방면),hongdae,attraction,서울 마포구 양화로 지하 188,37.55745649014531,126.9267794030394,50,"{구경,산책}","{walk,culture}",http://place.map.kakao.com/1577869384,true
894927901,서울명예도로 끼리끼리2길,hongdae,attraction,서울 마포구 동교동 147-74,37.5594772280491,126.925027671687,50,"{구경,산책}","{walk,culture}",http://place.map.kakao.com/894927901,true
1000191912,서울명예도로 노벨길(경의선숲길 연남동방면),hongdae,attraction,서울 마포구 양화로 188,37.5576259700548,126.9269286303554,50,"{구경,산책}","{walk,culture}",http://place.map.kakao.com/1000191912,true
1501236154,트릭아이뮤지엄,hongdae,attraction,서울 마포구 홍익로3길 20,37.5535158824572,126.921715487447,50,"{구경,산책}","{walk,culture}",http://place.map.kakao.com/1501236154,true
894873893,서울명예도로 끼리끼리3길,hongdae,attraction,서울 마포구 연남동 255-30,37.5614598669705,126.924314899389,50,"{구경,산책}","{walk,culture}",http://place.map.kakao.com/894873893,true
999848580,하우스오브설하,hongdae,attraction,서울 마포구 동교로17안길 43,37.5564183289691,126.918219876937,50,"{구경,산책}","{walk,culture}",http://place.map.kakao.com/999848580,true
289742025,호러스위치,hongdae,attraction,서울 마포구 와우산로21길 20-11,37.552779516931636,126.92270309395771,50,"{구경,산책}","{walk,culture}",http://place.map.kakao.com/289742025,true
894491666,서울명예도로 김대중길,hongdae,attraction,서울 마포구 동교동 192-1,37.5568736753467,126.929964731687,50,"{구경,산책}","{walk,culture}",http://place.map.kakao.com/894491666,true
910371974,서울명예도로 레드로드,hongdae,attraction,서울 마포구 서교동 417,37.5523453436063,126.92150055971,50,"{구경,산책}","{walk,culture}",http://place.map.kakao.com/910371974,true
1165518083,레드로드,hongdae,attraction,서울 마포구 어울마당로 77-1,37.5520822110007,126.921438593159,50,"{구경,산책}","{walk,culture}",http://place.map.kakao.com/1165518083,true
11583205,홍대예술의거리,hongdae,attraction,서울 마포구 서교동,37.5520434500484,126.92141147348,50,"{구경,산책}","{walk,culture}",http://place.map.kakao.com/11583205,true
1945601770,테이블에이,hongdae,attraction,서울 마포구 와우산로 146,37.554094734718234,126.92952030573056,50,"{구경,산책}","{walk,culture}",http://place.map.kakao.com/1945601770,true
894785338,서울명예도로 끼리끼리4길,hongdae,attraction,서울 마포구 연남동 229-66,37.5629658881103,126.925029835069,50,"{구경,산책}","{walk,culture}",http://place.map.kakao.com/894785338,true
26563572,홍대예술의거리 나들길,hongdae,attraction,서울 마포구 창전동,37.552289345911106,126.92837334498412,50,"{구경,산책}","{walk,culture}",http://place.map.kakao.com/26563572,true
1634364045,홍대축제거리,hongdae,attraction,서울 마포구 서교동 365-28,37.5512343122068,126.921348949577,50,"{구경,산책}","{walk,culture}",http://place.map.kakao.com/1634364045,true
2026928939,홍대레드로드 골목형상점가,hongdae,attraction,서울 마포구 서교동 363-8,37.551046523511,126.922133391981,50,"{구경,산책}","{walk,culture}",http://place.map.kakao.com/2026928939,true
27055301,홍대벽화거리,hongdae,attraction,서울 마포구 상수동 88-23,37.5507442326996,126.924201253317,50,"{구경,산책}","{walk,culture}",http://place.map.kakao.com/27055301,true
894757733,서울명예도로 끼리끼리5길,hongdae,attraction,서울 마포구 연남동 250-10,37.5635638685226,126.921818160092,50,"{구경,산책}","{walk,culture}",http://place.map.kakao.com/894757733,true
23120302,홍대클럽거리,hongdae,attraction,서울 마포구 와우산로 70,37.5505813183069,126.923065231913,50,"{구경,산책}","{walk,culture}",http://place.map.kakao.com/23120302,true
799401130,홍대땡땡거리,hongdae,attraction,서울 마포구 와우산로35길 50-4,37.5546987847474,126.9317028287,50,"{구경,산책}","{walk,culture}",http://place.map.kakao.com/799401130,true
590370267,레드로드 R5,hongdae,attraction,서울 마포구 서교동 365-29,37.5505188145545,126.921191269197,50,"{구경,산책}","{walk,culture}",http://place.map.kakao.com/590370267,true
25325255,와우산,hongdae,attraction,서울 마포구 와우산로30길 87,37.55135243190681,126.92857794246042,50,"{구경,산책}","{walk,culture}",http://place.map.kakao.com/25325255,true
894430699,서울명예도로 최규하길,hongdae,attraction,서울 마포구 서교동 478-8,37.5551887335722,126.914773972994,50,"{구경,산책}","{walk,culture}",http://place.map.kakao.com/894430699,true
13324056,작가,hongdae,restaurant,서울 마포구 어울마당로 71,37.5514126100997,126.921199381472,50,{식사},"{lunch,dinner}",http://place.map.kakao.com/13324056,true
1394972493,붉은낙타,hongdae,restaurant,서울 마포구 잔다리로 20-11,37.551306871440005,126.92071853275009,50,{식사},"{lunch,dinner}",http://place.map.kakao.com/1394972493,true
1473849634,야키토리이유,hongdae,restaurant,서울 마포구 잔다리로 20-13,37.551422208985,126.92073312232,50,{식사},"{lunch,dinner}",http://place.map.kakao.com/1473849634,true
1888600156,나성타코 홍대점,hongdae,restaurant,서울 마포구 잔다리로2길 24,37.5515531868362,126.921230920352,50,{식사},"{lunch,dinner}",http://place.map.kakao.com/1888600156,true
108018620,도킹어라운드,hongdae,restaurant,서울 마포구 잔다리로 20,37.5509447464044,126.92083208285,50,{식사},"{lunch,dinner}",http://place.map.kakao.com/108018620,true
453436326,미도인 홍대,hongdae,restaurant,서울 마포구 잔다리로2길 19,37.5517332139014,126.920972708499,50,{식사},"{lunch,dinner}",http://place.map.kakao.com/453436326,true
1253348263,굽네치킨 굽네 플레이타운점,hongdae,restaurant,서울 마포구 잔다리로2길 23,37.5517081311934,126.921190016923,50,{식사},"{lunch,dinner}",http://place.map.kakao.com/1253348263,true
1546574590,오일내 홍대점,hongdae,restaurant,서울 마포구 어울마당로 70,37.551384916536,126.921555887273,50,{식사},"{lunch,dinner}",http://place.map.kakao.com/1546574590,true
1363442042,토끼정 홍대점,hongdae,restaurant,서울 마포구 잔다리로2길 13,37.5517402215438,126.920673938305,50,{식사},"{lunch,dinner}",http://place.map.kakao.com/1363442042,true
695715112,일팔공포차,hongdae,restaurant,서울 마포구 와우산로19길 27,37.55119757819103,126.92166019716764,50,{식사},"{lunch,dinner}",http://place.map.kakao.com/695715112,true
890096120,무제 홍대점,hongdae,restaurant,서울 마포구 와우산로19길 27,37.5511984836996,126.921666986234,50,{식사},"{lunch,dinner}",http://place.map.kakao.com/890096120,true
806519696,양대문 홍대본점,hongdae,restaurant,서울 마포구 와우산로19길 27,37.5512002849437,126.92166585268,50,{식사},"{lunch,dinner}",http://place.map.kakao.com/806519696,true
1042140370,박스서울,hongdae,restaurant,서울 마포구 잔다리로 16,37.5509019254827,126.92147151863,50,{식사},"{lunch,dinner}",http://place.map.kakao.com/1042140370,true
904935661,낙경,hongdae,restaurant,서울 마포구 잔다리로2길 7,37.5515454034963,126.92037311942,50,{식사},"{lunch,dinner}",http://place.map.kakao.com/904935661,true
135806336,정통집 홍대점,hongdae,restaurant,서울 마포구 와우산로19길 27,37.551208414937975,126.92169753090883,50,{식사},"{lunch,dinner}",http://place.map.kakao.com/135806336,true
1612769682,다트플렉스 홍대점,hongdae,restaurant,서울 마포구 어울마당로 74,37.551553457161,126.921637191189,50,{식사},"{lunch,dinner}",http://place.map.kakao.com/1612769682,true
1862149648,33떡볶이 다트플렉스홍대점,hongdae,restaurant,서울 마포구 어울마당로 74,37.5515597603811,126.921631526217,50,{식사},"{lunch,dinner}",http://place.map.kakao.com/1862149648,true
18590900,텟판타마고,hongdae,restaurant,서울 마포구 잔다리로6길 34-12,37.55187911029258,126.92087523002603,50,{식사},"{lunch,dinner}",http://place.map.kakao.com/18590900,true
245300878,오니,hongdae,restaurant,서울 마포구 어울마당로 75,37.5518451643107,126.921312093945,50,{식사},"{lunch,dinner}",http://place.map.kakao.com/245300878,true
928131843,셰프봉닭꾸이,hongdae,restaurant,서울 마포구 와우산로19길 26,37.5513931509161,126.921744867868,50,{식사},"{lunch,dinner}",http://place.map.kakao.com/928131843,true
26594085,위키드찜닭,hongdae,restaurant,서울 마포구 와우산로19길 26,37.5513949574172,126.921751656011,50,{식사},"{lunch,dinner}",http://place.map.kakao.com/26594085,true
869371329,데빌,hongdae,restaurant,서울 마포구 와우산로19길 26,37.5513985644066,126.921756178928,50,{식사},"{lunch,dinner}",http://place.map.kakao.com/869371329,true
869531299,족발야시장 홍대점,hongdae,restaurant,서울 마포구 잔다리로 14,37.5509543013655,126.921649135142,50,{식사},"{lunch,dinner}",http://place.map.kakao.com/869531299,true
1257935399,칼누들 바 홍대점,hongdae,restaurant,서울 마포구 잔다리로 14,37.55095430136553,126.92164913514192,50,{식사},"{lunch,dinner}",http://place.map.kakao.com/1257935399,true
22614740,돈주는남자 마포점,hongdae,restaurant,서울 마포구 잔다리로6길 34-9,37.551931524122466,126.92110830072549,50,{식사},"{lunch,dinner}",http://place.map.kakao.com/22614740,true
176838420,용호동낙지 홍대점,hongdae,restaurant,서울 마포구 잔다리로 17,37.5506268223611,126.921023669733,50,{식사},"{lunch,dinner}",http://place.map.kakao.com/176838420,true
390050475,헤이티키,hongdae,restaurant,서울 마포구 와우산로19길 21,37.5511878044439,126.921867302807,50,{식사},"{lunch,dinner}",http://place.map.kakao.com/390050475,true
1508088727,메스,hongdae,restaurant,서울 마포구 잔다리로 21,37.5506329139372,126.920702271721,50,{식사},"{lunch,dinner}",http://place.map.kakao.com/1508088727,true
791496069,오븐에빠진닭 홍대점,hongdae,restaurant,서울 마포구 와우산로19길 21,37.5511932201562,126.921882008851,50,{식사},"{lunch,dinner}",http://place.map.kakao.com/791496069,true
1822168400,룸의정석 홍대점,hongdae,restaurant,서울 마포구 잔다리로 12,37.550897647299394,126.92181328580222,50,{식사},"{lunch,dinner}",http://place.map.kakao.com/1822168400,true
1653575865,슈퍼방구 홍대점,hongdae,restaurant,서울 마포구 잔다리로 12,37.5509364134164,126.921848326925,50,{식사},"{lunch,dinner}",http://place.map.kakao.com/1653575865,true
26093369,룸정,hongdae,restaurant,서울 마포구 잔다리로 12,37.550936413410014,126.92184832692547,50,{식사},"{lunch,dinner}",http://place.map.kakao.com/26093369,true
16527008,대왕고추장불고기 홍대본점,hongdae,restaurant,서울 마포구 잔다리로6길 34-6,37.5520828099529,126.920985919556,50,{식사},"{lunch,dinner}",http://place.map.kakao.com/16527008,true
972304591,7번방,hongdae,restaurant,서울 마포구 어울마당로 62,37.5505910452081,126.921417525121,50,{식사},"{lunch,dinner}",http://place.map.kakao.com/972304591,true
369016099,솥뚜껑 파전 홍대점,hongdae,restaurant,서울 마포구 잔다리로6길 34-6,37.5520846126984,126.920987049336,50,{식사},"{lunch,dinner}",http://place.map.kakao.com/369016099,true
977085149,은화수식당 홍대점,hongdae,restaurant,서울 마포구 어울마당로 61,37.5505105800468,126.92100342253,50,{식사},"{lunch,dinner}",http://place.map.kakao.com/977085149,true
1251853398,엑스엑스,hongdae,restaurant,서울 마포구 어울마당로 61,37.5505114825649,126.921005684894,50,{식사},"{lunch,dinner}",http://place.map.kakao.com/1251853398,true
27270739,청년다방 서울홍대점,hongdae,restaurant,서울 마포구 어울마당로 61,37.55051148256494,126.92100568489407,50,{식사},"{lunch,dinner}",http://place.map.kakao.com/27270739,true
1727269575,후드,hongdae,restaurant,서울 마포구 어울마당로 61,37.5504997680827,126.92100343394,50,{식사},"{lunch,dinner}",http://place.map.kakao.com/1727269575,true
27387712,배스킨라빈스 홍대상상마당점,hongdae,restaurant,서울 마포구 어울마당로 61,37.5504970666043,126.921005700108,50,{식사},"{lunch,dinner}",http://place.map.kakao.com/27387712,true
1521083647,메이드리밍 홍대점,hongdae,restaurant,서울 마포구 잔다리로6길 28-1,37.5520591654652,126.920660020081,50,{식사},"{lunch,dinner}",http://place.map.kakao.com/1521083647,true
118138859,므마서울,hongdae,restaurant,서울 마포구 잔다리로 30-18,37.5516253865717,126.920068613616,50,{식사},"{lunch,dinner}",http://place.map.kakao.com/118138859,true
1609694451,소녀정원,hongdae,restaurant,서울 마포구 잔다리로 19-6,37.5504978721171,126.920863110292,50,{식사},"{lunch,dinner}",http://place.map.kakao.com/1609694451,true
644614560,또보겠지떡볶이 해피토스점,hongdae,restaurant,서울 마포구 잔다리로6길 34-5,37.55210814681579,126.92114885513332,50,{식사},"{lunch,dinner}",http://place.map.kakao.com/644614560,true
26858884,문숙이미나리식당 본점,hongdae,restaurant,서울 마포구 잔다리로6길 34-5,37.5521081468158,126.921148855133,50,{식사},"{lunch,dinner}",http://place.map.kakao.com/26858884,true
1469850424,신이도가,hongdae,cafe,서울 마포구 잔다리로 20-12,37.55141963044566,126.92091871932463,50,"{카페,대화}","{cafe,dessert}",http://place.map.kakao.com/1469850424,true
1466391245,ㅎㄷ카페,hongdae,cafe,서울 마포구 어울마당로 68,37.5511596167869,126.921480301612,50,"{카페,대화}","{cafe,dessert}",http://place.map.kakao.com/1466391245,true
2138696750,더조커,hongdae,cafe,서울 마포구 잔다리로2길 19,37.55171159905315,126.92098631144306,50,"{카페,대화}","{cafe,dessert}",http://place.map.kakao.com/2138696750,true
1782903637,퍼즐팩토리 2호점,hongdae,cafe,서울 마포구 잔다리로2길 17,37.5516934760146,126.920832422565,50,"{카페,대화}","{cafe,dessert}",http://place.map.kakao.com/1782903637,true
2129451774,보드팩토리,hongdae,cafe,서울 마포구 어울마당로 70,37.5513768143316,126.92156608081,50,"{카페,대화}","{cafe,dessert}",http://place.map.kakao.com/2129451774,true
1995359429,캣툰 홍대점,hongdae,cafe,서울 마포구 어울마당로 74,37.5515597603811,126.921631526217,50,"{카페,대화}","{cafe,dessert}",http://place.map.kakao.com/1995359429,true
824872767,빽다방 홍대거리점,hongdae,cafe,서울 마포구 어울마당로 75,37.55182804159017,126.92130645355414,50,"{카페,대화}","{cafe,dessert}",http://place.map.kakao.com/824872767,true
1748850413,플레이보드 홍대2호점,hongdae,cafe,서울 마포구 잔다리로6길 20-9,37.551830338761405,126.92069987140115,50,"{카페,대화}","{cafe,dessert}",http://place.map.kakao.com/1748850413,true
434444406,더블유오앤,hongdae,cafe,서울 마포구 잔다리로6길 20-9,37.5519132008658,126.920655648092,50,"{카페,대화}","{cafe,dessert}",http://place.map.kakao.com/434444406,true
239536058,무소식,hongdae,cafe,서울 마포구 잔다리로 19,37.5506357247456,126.920862964541,50,"{카페,대화}","{cafe,dessert}",http://place.map.kakao.com/239536058,true
1652894454,아야나메이드카페,hongdae,cafe,서울 마포구 와우산로19길 21,37.5511932201562,126.921882008851,50,"{카페,대화}","{cafe,dessert}",http://place.map.kakao.com/1652894454,true
205400238,할리스 홍대거리점,hongdae,cafe,서울 마포구 어울마당로 76-1,37.5518192664058,126.921659546457,50,"{카페,대화}","{cafe,dessert}",http://place.map.kakao.com/205400238,true
1149536580,카페아지트,hongdae,cafe,서울 마포구 와우산로19길 18,37.5513482867203,126.922025569265,50,"{카페,대화}","{cafe,dessert}",http://place.map.kakao.com/1149536580,true
10304651,델문도,hongdae,cafe,서울 마포구 잔다리로 19-6,37.55047355277373,126.9208744525849,50,"{카페,대화}","{cafe,dessert}",http://place.map.kakao.com/10304651,true
1439129127,카페 아히,hongdae,cafe,서울 마포구 잔다리로 30-26,37.5517371339856,126.920103576269,50,"{카페,대화}","{cafe,dessert}",http://place.map.kakao.com/1439129127,true
512641471,CAFE AZ,hongdae,cafe,서울 마포구 와우산로19길 18,37.5513483031588,126.922050466018,50,"{카페,대화}","{cafe,dessert}",http://place.map.kakao.com/512641471,true
1797709079,메이드보드게임카페,hongdae,cafe,서울 마포구 잔다리로 25,37.5508460138583,126.9200547343,50,"{카페,대화}","{cafe,dessert}",http://place.map.kakao.com/1797709079,true
122668143,락소보드게임카페,hongdae,cafe,서울 마포구 잔다리로 25,37.5508442110907,126.920053604562,50,"{카페,대화}","{cafe,dessert}",http://place.map.kakao.com/122668143,true
27070351,브루브로스커피,hongdae,cafe,서울 마포구 잔다리로6길 20-6,37.5519561773253,126.920252724269,50,"{카페,대화}","{cafe,dessert}",http://place.map.kakao.com/27070351,true
1553598975,카페꼬모,hongdae,cafe,서울 마포구 와우산로21길 31-12,37.551915796863,126.921846172604,50,"{카페,대화}","{cafe,dessert}",http://place.map.kakao.com/1553598975,true
947862288,메이드문 홍대본점,hongdae,cafe,서울 마포구 잔다리로6길 34,37.5522215544472,126.920972192868,50,"{카페,대화}","{cafe,dessert}",http://place.map.kakao.com/947862288,true
2048640934,비밀의숲 홍대점,hongdae,cafe,서울 마포구 잔다리로6길 30,37.5522160605285,126.920840923273,50,"{카페,대화}","{cafe,dessert}",http://place.map.kakao.com/2048640934,true
591442651,저스트단비,hongdae,cafe,서울 마포구 잔다리로6길 30,37.5522178640404,126.920843184734,50,"{카페,대화}","{cafe,dessert}",http://place.map.kakao.com/591442651,true
1676640922,카페치어럽,hongdae,cafe,서울 마포구 잔다리로 30-32,37.551941668034,126.920114674734,50,"{카페,대화}","{cafe,dessert}",http://place.map.kakao.com/1676640922,true
1548702106,매머드익스프레스 홍대잔다리로점,hongdae,cafe,서울 마포구 잔다리로6길 22,37.5521391759882,126.920395121377,50,"{카페,대화}","{cafe,dessert}",http://place.map.kakao.com/1548702106,true
956946487,신스홍대카페&아이스크림,hongdae,cafe,서울 마포구 와우산로21길 21-14,37.5518015085872,126.922055652409,50,"{카페,대화}","{cafe,dessert}",http://place.map.kakao.com/956946487,true
1188384355,밤새보드,hongdae,cafe,서울 마포구 어울마당로 55-2,37.5502996678214,126.920885952959,50,"{카페,대화}","{cafe,dessert}",http://place.map.kakao.com/1188384355,true
1466499042,어드밴스커피 advance coffee,hongdae,cafe,서울 마포구 잔다리로6길 20,37.552102129707784,126.92023898856412,50,"{카페,대화}","{cafe,dessert}",http://place.map.kakao.com/1466499042,true
7871776,멜로우,hongdae,cafe,서울 마포구 잔다리로 30-11,37.551840632165,126.919931450613,50,"{카페,대화}","{cafe,dessert}",http://place.map.kakao.com/7871776,true
354755930,벌툰 인더스트리얼 홍대본점,hongdae,cafe,서울 마포구 독막로7길 63,37.550604561853106,126.92007762539521,50,"{카페,대화}","{cafe,dessert}",http://place.map.kakao.com/354755930,true
364073257,히든스위치 홍대점,hongdae,cafe,서울 마포구 어울마당로 55-8,37.5503345833457,126.920553209191,50,"{카페,대화}","{cafe,dessert}",http://place.map.kakao.com/364073257,true
416177893,하이빙수 홍대점,hongdae,cafe,서울 마포구 와우산로21길 31-10,37.5520986978231,126.921843718251,50,"{카페,대화}","{cafe,dessert}",http://place.map.kakao.com/416177893,true
13623634,히어로보드게임카페 홍대1호점,hongdae,cafe,서울 마포구 와우산로21길 31-10,37.55209599632931,126.92184598443768,50,"{카페,대화}","{cafe,dessert}",http://place.map.kakao.com/13623634,true
446197397,룸카페휴,hongdae,cafe,서울 마포구 와우산로21길 31-10,37.5520959963229,126.921845984438,50,"{카페,대화}","{cafe,dessert}",http://place.map.kakao.com/446197397,true
2115655824,샐리기타,hongdae,cafe,서울 마포구 어울마당로 55-4,37.5502680380499,126.920744529517,50,"{카페,대화}","{cafe,dessert}",http://place.map.kakao.com/2115655824,true
1541961243,해피앤딩 방탈출카페,hongdae,cafe,서울 마포구 와우산로21길 31-11,37.5519646286865,126.922115461609,50,"{카페,대화}","{cafe,dessert}",http://place.map.kakao.com/1541961243,true
473893416,마지텐시데비,hongdae,cafe,서울 마포구 와우산로17길 24,37.5502938664151,126.9216441682,50,"{카페,대화}","{cafe,dessert}",http://place.map.kakao.com/473893416,true
1998828268,로제린집사카페,hongdae,cafe,서울 마포구 와우산로17길 24,37.5502992806605,126.921656610742,50,"{카페,대화}","{cafe,dessert}",http://place.map.kakao.com/1998828268,true
64956517,머더파커 WOW 홍대점,hongdae,cafe,서울 마포구 잔다리로6길 25,37.5523744445118,126.920555570673,50,"{카페,대화}","{cafe,dessert}",http://place.map.kakao.com/64956517,true
228106050,디저트39 홍대점,hongdae,cafe,서울 마포구 독막로7길 60,37.5503037488015,126.920255616515,50,"{카페,대화}","{cafe,dessert}",http://place.map.kakao.com/228106050,true
1085915213,스쿨랜드,hongdae,cafe,서울 마포구 잔다리로6길 35,37.5524559136226,126.921121328233,50,"{카페,대화}","{cafe,dessert}",http://place.map.kakao.com/1085915213,true
27432903,메가MGC커피 홍대점,hongdae,cafe,서울 마포구 잔다리로6길 39,37.5524254487892,126.921374858366,50,"{카페,대화}","{cafe,dessert}",http://place.map.kakao.com/27432903,true
153136502,도어이스케이프 홍대점,hongdae,cafe,서울 마포구 어울마당로 55-1,37.550122148552,126.920852191008,50,"{카페,대화}","{cafe,dessert}",http://place.map.kakao.com/153136502,true
1685252751,슬릿 홍대점,hongdae,cafe,서울 마포구 와우산로21길 21-12,37.551943125535956,126.92229881619866,50,"{카페,대화}","{cafe,dessert}",http://place.map.kakao.com/1685252751,true
27280719,사주타로샵 퀴니점,hongdae,cafe,서울 마포구 홍익로3길 45,37.5524363992307,126.921583077414,50,"{카페,대화}","{cafe,dessert}",http://place.map.kakao.com/27280719,true
21059836,KT&G 상상마당 시네마,hongdae,culture,서울 마포구 어울마당로 65,37.5510160623612,126.921036839018,50,"{문화,실내}","{culture,walk}",http://place.map.kakao.com/21059836,true
8016441,KT&G상상마당 홍대,hongdae,culture,서울 마포구 어울마당로 65,37.5510088755674,126.921068533254,50,"{문화,실내}","{culture,walk}",http://place.map.kakao.com/8016441,true
22218350,KT&G 상상마당 갤러리,hongdae,culture,서울 마포구 어울마당로 65,37.5510016433744,126.921032327566,50,"{문화,실내}","{culture,walk}",http://place.map.kakao.com/22218350,true
8634325,KT&G상상마당 라이브홀,hongdae,culture,서울 마포구 어울마당로 65,37.5509224009872,126.921100311063,50,"{문화,실내}","{culture,walk}",http://place.map.kakao.com/8634325,true
1196487630,굽네 플레이타운,hongdae,culture,서울 마포구 잔다리로2길 23,37.5517081311998,126.921190016922,50,"{문화,실내}","{culture,walk}",http://place.map.kakao.com/1196487630,true
1247258581,손길 갤러리샵,hongdae,culture,서울 마포구 잔다리로6길 20-12,37.5517724960244,126.920433988418,50,"{문화,실내}","{culture,walk}",http://place.map.kakao.com/1247258581,true
345871360,앰비션,hongdae,culture,서울 마포구 잔다리로 19-6,37.5504825627492,126.92087444306,50,"{문화,실내}","{culture,walk}",http://place.map.kakao.com/345871360,true
21723350,스틸페이스 루프탑3639,hongdae,culture,서울 마포구 잔다리로 10,37.5508977894798,126.922028301913,50,"{문화,실내}","{culture,walk}",http://place.map.kakao.com/21723350,true
8155913,홍대 뮤지움,hongdae,culture,서울 마포구 잔다리로 32,37.5515666614024,126.919832156335,50,"{문화,실내}","{culture,walk}",http://place.map.kakao.com/8155913,true
862171644,스페이스브릭,hongdae,culture,서울 마포구 잔다리로 31,37.5512043681761,126.919696744088,50,"{문화,실내}","{culture,walk}",http://place.map.kakao.com/862171644,true
1056742428,제이디비 스퀘어,hongdae,culture,서울 마포구 잔다리로 31,37.5512025599468,126.919687579509,50,"{문화,실내}","{culture,walk}",http://place.map.kakao.com/1056742428,true
1732345834,제노 미니전시회,hongdae,culture,서울 마포구 잔다리로 31,37.5512025584843,126.919685429339,50,"{문화,실내}","{culture,walk}",http://place.map.kakao.com/1732345834,true
12051990,극단코스모스,hongdae,culture,서울 마포구 잔다리로 36-1,37.551768263071,126.91950601723,50,"{문화,실내}","{culture,walk}",http://place.map.kakao.com/12051990,true
1737279611,세티라이브홀,hongdae,culture,서울 마포구 와우산로21길 31,37.5522223228717,126.922128773663,50,"{문화,실내}","{culture,walk}",http://place.map.kakao.com/1737279611,true
1661701019,적정거리유지 윈도우갤러리,hongdae,culture,서울 마포구 홍익로5안길 53-4,37.5525004774184,126.920397000469,50,"{문화,실내}","{culture,walk}",http://place.map.kakao.com/1661701019,true
11394126,홍대앞,hongdae,culture,서울 마포구 잔다리로 35,37.5514834026843,126.919293568995,50,"{문화,실내}","{culture,walk}",http://place.map.kakao.com/11394126,true
1820865205,K팝스테이지,hongdae,culture,서울 마포구 와우산로21길 29,37.5522135177338,126.922439996039,50,"{문화,실내}","{culture,walk}",http://place.map.kakao.com/1820865205,true
55110523,AOD뮤지엄,hongdae,culture,서울 마포구 잔다리로3길 4,37.5516346463374,126.919112337806,50,"{문화,실내}","{culture,walk}",http://place.map.kakao.com/55110523,true
2104572986,감마홀,hongdae,culture,서울 마포구 와우산로21길 19-11,37.5518552409095,126.922929252642,50,"{문화,실내}","{culture,walk}",http://place.map.kakao.com/2104572986,true
1187376161,왓리얼리매터스,hongdae,culture,서울 마포구 잔다리로3안길 46,37.5507245939843,126.91904768491,50,"{문화,실내}","{culture,walk}",http://place.map.kakao.com/1187376161,true
1784799495,수상한거리 2호점,hongdae,culture,서울 마포구 양화로16길 26,37.5529784011956,126.920984974052,50,"{문화,실내}","{culture,walk}",http://place.map.kakao.com/1784799495,true
410357223,전시공간,hongdae,culture,서울 마포구 홍익로5길 59,37.5527306421902,126.919672472644,50,"{문화,실내}","{culture,walk}",http://place.map.kakao.com/410357223,true
25080914,홍대난타전용극장,hongdae,culture,서울 마포구 양화로16길 29,37.5531929565343,126.921161292611,50,"{문화,실내}","{culture,walk}",http://place.map.kakao.com/25080914,true
21208590,뮤직쇼웨딩,hongdae,culture,서울 마포구 양화로16길 29,37.5531929595568,126.921165819405,50,"{문화,실내}","{culture,walk}",http://place.map.kakao.com/21208590,true
25969713,클럽프리버드,hongdae,culture,서울 마포구 와우산로17길 19-22,37.5493620151058,126.921314704422,50,"{문화,실내}","{culture,walk}",http://place.map.kakao.com/25969713,true
494080177,디스크리트레이블,hongdae,culture,서울 마포구 양화로10길 45,37.5502865615944,126.91883314416,50,"{문화,실내}","{culture,walk}",http://place.map.kakao.com/494080177,true
796032194,띠아트,hongdae,culture,서울 마포구 와우산로21길 20-11,37.5528047367104,126.922690619283,50,"{문화,실내}","{culture,walk}",http://place.map.kakao.com/796032194,true
1120618407,플렉스라운지,hongdae,culture,서울 마포구 양화로 100-10,37.5525211376372,126.918980103803,50,"{문화,실내}","{culture,walk}",http://place.map.kakao.com/1120618407,true
567517136,잼스테이지,hongdae,culture,서울 마포구 와우산로 76,37.551110504525795,126.92352754007935,50,"{문화,실내}","{culture,walk}",http://place.map.kakao.com/567517136,true
13099766,온 스테이지,hongdae,culture,서울 마포구 와우산로21길 20-11,37.5527831609171,126.922764201618,50,"{문화,실내}","{culture,walk}",http://place.map.kakao.com/13099766,true
1283856138,메타코미디클럽 홍대,hongdae,culture,서울 마포구 와우산로 76-1,37.5512718321649,126.92360319715,50,"{문화,실내}","{culture,walk}",http://place.map.kakao.com/1283856138,true
1960891823,벨르,hongdae,culture,서울 마포구 잔다리로 46,37.5524273188776,126.918812715595,50,"{문화,실내}","{culture,walk}",http://place.map.kakao.com/1960891823,true
27092881,스텀프,hongdae,culture,서울 마포구 와우산로21길 20-11,37.55285253030033,126.92275281308919,50,"{문화,실내}","{culture,walk}",http://place.map.kakao.com/27092881,true
1754067914,더마스카니,hongdae,culture,서울 마포구 와우산로15길 29,37.549189338548,126.921789042552,50,"{문화,실내}","{culture,walk}",http://place.map.kakao.com/1754067914,true
23696074,001클럽,hongdae,culture,서울 마포구 와우산로18길 20,37.5509999967189,126.924015401066,50,"{문화,실내}","{culture,walk}",http://place.map.kakao.com/23696074,true
25691647,폼텍웍스홀,hongdae,culture,서울 마포구 잔다리로3길 34,37.5506463096202,126.917891212348,50,"{문화,실내}","{culture,walk}",http://place.map.kakao.com/25691647,true
1363700865,프리지본스튜디오,hongdae,culture,서울 마포구 어울마당로5길 25-6,37.5492738589512,126.918861401667,50,"{문화,실내}","{culture,walk}",http://place.map.kakao.com/1363700865,true
1150607775,극동방송 아트홀,hongdae,culture,서울 마포구 와우산로 56,37.5494462760859,126.923396838191,50,"{문화,실내}","{culture,walk}",http://place.map.kakao.com/1150607775,true
26883560,극동갤러리,hongdae,culture,서울 마포구 와우산로 56,37.5492841199746,126.923433216625,50,"{문화,실내}","{culture,walk}",http://place.map.kakao.com/26883560,true
20849833,프리즘홀,hongdae,culture,서울 마포구 양화로12길 6,37.5516587624754,126.917505331821,50,"{문화,실내}","{culture,walk}",http://place.map.kakao.com/20849833,true
22650511,베짱이홀,hongdae,culture,서울 마포구 독막로15길 3-12,37.5484791788445,126.921528378505,50,"{문화,실내}","{culture,walk}",http://place.map.kakao.com/22650511,true
1562211494,DSM스퀘어아트홀,hongdae,culture,서울 마포구 독막로3길 45,37.5503001247806,126.917601888313,50,"{문화,실내}","{culture,walk}",http://place.map.kakao.com/1562211494,true
1133853854,홍대 레드로드 R6,hongdae,attraction,서울 마포구 서교동 365-29,37.5486920203824,126.920489317966,50,"{구경,산책}","{walk,culture}",http://place.map.kakao.com/1133853854,true
26537684,빚다도예공방 홍대점,hongdae,attraction,서울 마포구 와우산로 32,37.547312563033,126.923168173207,50,"{구경,산책}","{walk,culture}",http://place.map.kakao.com/26537684,true
1999677311,합정동먹자골목,hongdae,attraction,서울 마포구 합정동 407,37.54956505231765,126.9127818926904,50,"{구경,산책}","{walk,culture}",http://place.map.kakao.com/1999677311,true
1105630173,마포365천문대,hongdae,attraction,서울 마포구 토정로 98,37.5443383818383,126.921820136558,50,"{구경,산책}","{walk,culture}",http://place.map.kakao.com/1105630173,true
1174999920,하늘길,hongdae,attraction,서울 마포구 합정동 404,37.5459999393901,126.91420053447,50,"{구경,산책}","{walk,culture}",http://place.map.kakao.com/1174999920,true
1267694470,에그드랍 상수역점,hongdae,restaurant,서울 마포구 독막로 77,37.54791822135066,126.9220789336264,50,{식사},"{lunch,dinner}",http://place.map.kakao.com/1267694470,true
24245433,고고갈비 홍대상수점,hongdae,restaurant,서울 마포구 독막로 77,37.54794257666435,126.92212190982788,50,{식사},"{lunch,dinner}",http://place.map.kakao.com/24245433,true
1705903152,소화원,hongdae,restaurant,서울 마포구 독막로 78,37.547602024795,126.922160739026,50,{식사},"{lunch,dinner}",http://place.map.kakao.com/1705903152,true
1725619650,비스트로해선,hongdae,restaurant,서울 마포구 독막로 76-1,37.5475604130156,126.921909563973,50,{식사},"{lunch,dinner}",http://place.map.kakao.com/1725619650,true
622306572,벨루가,hongdae,restaurant,서울 마포구 독막로 79,37.5479498785944,126.922264486346,50,{식사},"{lunch,dinner}",http://place.map.kakao.com/622306572,true
739980731,상수김치삼겹살,hongdae,restaurant,서울 마포구 독막로 76,37.54760534603837,126.92173298519869,50,{식사},"{lunch,dinner}",http://place.map.kakao.com/739980731,true
916695342,샐러디 상수역점,hongdae,restaurant,서울 마포구 독막로 73-1,37.5479990228561,126.921643175549,50,{식사},"{lunch,dinner}",http://place.map.kakao.com/916695342,true
225898466,올유캔잇 본점,hongdae,restaurant,서울 마포구 독막로 73-1,37.5479990228561,126.921643175549,50,{식사},"{lunch,dinner}",http://place.map.kakao.com/225898466,true
1796647360,더쿠포차 상수점,hongdae,restaurant,서울 마포구 독막로 73-1,37.5479990228561,126.921643175549,50,{식사},"{lunch,dinner}",http://place.map.kakao.com/1796647360,true
1567090492,위더상수,hongdae,restaurant,서울 마포구 와우산로 39-13,37.5480841317588,126.92227113666,50,{식사},"{lunch,dinner}",http://place.map.kakao.com/1567090492,true
2009991931,도라곤,hongdae,restaurant,서울 마포구 독막로15길 5,37.5481586554554,126.921878386055,50,{식사},"{lunch,dinner}",http://place.map.kakao.com/2009991931,true
1749147012,제2한강교,hongdae,restaurant,서울 마포구 독막로 74,37.5476340736044,126.921575660653,50,{식사},"{lunch,dinner}",http://place.map.kakao.com/1749147012,true
1948738738,퐁퐁꼬마김밥,hongdae,restaurant,서울 마포구 독막로 74,37.5476340736109,126.921575660653,50,{식사},"{lunch,dinner}",http://place.map.kakao.com/1948738738,true
20752239,펠앤콜 홍대본점,hongdae,restaurant,서울 마포구 와우산로 39-21,37.5481588460157,126.92216694975012,50,{식사},"{lunch,dinner}",http://place.map.kakao.com/20752239,true
26566035,회뜰때까지,hongdae,restaurant,서울 마포구 독막로 74,37.5476286608583,126.921565481788,50,{식사},"{lunch,dinner}",http://place.map.kakao.com/26566035,true
1859295780,찜이로닭 상수본점,hongdae,restaurant,서울 마포구 와우산로 39-21,37.5481615475176,126.922164683695,50,{식사},"{lunch,dinner}",http://place.map.kakao.com/1859295780,true
898180251,앵춘,hongdae,restaurant,서울 마포구 독막로 81,37.54792477937605,126.92246028259717,50,{식사},"{lunch,dinner}",http://place.map.kakao.com/898180251,true
1564372687,이안정,hongdae,restaurant,서울 마포구 독막로15길 3-3,37.548077419444006,126.921657804569,50,{식사},"{lunch,dinner}",http://place.map.kakao.com/1564372687,true
1993290266,한석화 돌솥비빔밥 전문점,hongdae,restaurant,서울 마포구 독막로15길 5,37.5481766417123,126.921827444232,50,{식사},"{lunch,dinner}",http://place.map.kakao.com/1993290266,true
225040103,요리주점창달,hongdae,restaurant,서울 마포구 독막로15길 5,37.54818565917614,126.92183875105036,50,{식사},"{lunch,dinner}",http://place.map.kakao.com/225040103,true
1446600243,심야식당 흠스홈,hongdae,restaurant,서울 마포구 독막로15길 5,37.5481883629254,126.92183987985,50,{식사},"{lunch,dinner}",http://place.map.kakao.com/1446600243,true
570518757,카이화,hongdae,restaurant,서울 마포구 독막로 73,37.54794667930554,126.92151422567083,50,{식사},"{lunch,dinner}",http://place.map.kakao.com/570518757,true
1068422831,타코야오,hongdae,restaurant,서울 마포구 독막로 82,37.5475941257367,126.922479862551,50,{식사},"{lunch,dinner}",http://place.map.kakao.com/1068422831,true
17349634,한솥도시락 상수역점,hongdae,restaurant,서울 마포구 독막로 82,37.54759412573672,126.92247986255138,50,{식사},"{lunch,dinner}",http://place.map.kakao.com/17349634,true
671282729,피스오브헤븐,hongdae,restaurant,서울 마포구 독막로 73,37.5479746019673,126.921501748571,50,{식사},"{lunch,dinner}",http://place.map.kakao.com/671282729,true
1722785841,금복식당,hongdae,restaurant,서울 마포구 독막로14길 24,37.54737498522558,126.92217908089042,50,{식사},"{lunch,dinner}",http://place.map.kakao.com/1722785841,true
1832196108,상수소굴,hongdae,restaurant,서울 마포구 독막로14길 24,37.5473804016538,126.922194917818,50,{식사},"{lunch,dinner}",http://place.map.kakao.com/1832196108,true
1409856009,아띠네,hongdae,restaurant,서울 마포구 와우산로 39-11,37.54813195760533,126.9223819860228,50,{식사},"{lunch,dinner}",http://place.map.kakao.com/1409856009,true
1237520308,명장,hongdae,restaurant,서울 마포구 와우산로 39-5,37.5479788845628,126.922529255396,50,{식사},"{lunch,dinner}",http://place.map.kakao.com/1237520308,true
623743697,92,hongdae,restaurant,서울 마포구 와우산로13길 49-15,37.5480665112724,126.921512968406,50,{식사},"{lunch,dinner}",http://place.map.kakao.com/623743697,true
1927991127,구십이,hongdae,restaurant,서울 마포구 와우산로13길 49-15,37.5480665112724,126.921512968406,50,{식사},"{lunch,dinner}",http://place.map.kakao.com/1927991127,true
121831239,브라더집 홍대,hongdae,restaurant,서울 마포구 독막로15길 9,37.548272301583,126.922060459047,50,{식사},"{lunch,dinner}",http://place.map.kakao.com/121831239,true
537998553,만킨펍,hongdae,restaurant,서울 마포구 독막로15길 9,37.548272301583,126.922060459047,50,{식사},"{lunch,dinner}",http://place.map.kakao.com/537998553,true
13581698,강포차,hongdae,restaurant,서울 마포구 독막로 72,37.54760873506906,126.92140933982417,50,{식사},"{lunch,dinner}",http://place.map.kakao.com/13581698,true
21442863,치치 상수점,hongdae,restaurant,서울 마포구 독막로 71,37.5479565067259,126.921388605541,50,{식사},"{lunch,dinner}",http://place.map.kakao.com/21442863,true
26965496,웨일펍,hongdae,restaurant,서울 마포구 독막로 72,37.5475997175569,126.921398033145,50,{식사},"{lunch,dinner}",http://place.map.kakao.com/26965496,true
27318763,버들골옆집,hongdae,restaurant,서울 마포구 독막로 84,37.5475789008135,126.922620198497,50,{식사},"{lunch,dinner}",http://place.map.kakao.com/27318763,true
935481688,연어초밥 상수점,hongdae,restaurant,서울 마포구 와우산로 39-14,37.5482670924148,126.922359213405,50,{식사},"{lunch,dinner}",http://place.map.kakao.com/935481688,true
19909925,홍대삭 상수본점,hongdae,restaurant,서울 마포구 독막로 71,37.54794925427472,126.9213218475811,50,{식사},"{lunch,dinner}",http://place.map.kakao.com/19909925,true
12967310,버들골이야기 상수점,hongdae,restaurant,서울 마포구 독막로 84,37.547586132522,126.922656402684,50,{식사},"{lunch,dinner}",http://place.map.kakao.com/12967310,true
646548186,나들목치킨호프,hongdae,restaurant,서울 마포구 독막로14길 31,37.5474996011204,126.922602174659,50,{식사},"{lunch,dinner}",http://place.map.kakao.com/646548186,true
1111011603,카레야상쓰나미,hongdae,restaurant,서울 마포구 와우산로 39-12,37.5482041117708,126.922495073586,50,{식사},"{lunch,dinner}",http://place.map.kakao.com/1111011603,true
355332203,문래한잔 혼술바 서울 홍대점,hongdae,restaurant,서울 마포구 와우산로 39-14,37.5482788210044,126.922382965364,50,{식사},"{lunch,dinner}",http://place.map.kakao.com/355332203,true
1570003061,미요일 상수점,hongdae,restaurant,서울 마포구 와우산로 39-14,37.5482788210044,126.922382965364,50,{식사},"{lunch,dinner}",http://place.map.kakao.com/1570003061,true
432372754,토요지로,hongdae,restaurant,서울 마포구 독막로15길 13,37.5483659650141,126.921999253707,50,{식사},"{lunch,dinner}",http://place.map.kakao.com/432372754,true
1483385041,코브하우스,hongdae,cafe,서울 마포구 와우산로 39-15,37.5480426038474,126.922146701432,50,"{카페,대화}","{cafe,dessert}",http://place.map.kakao.com/1483385041,true
1616881642,말릭커피로스터스,hongdae,cafe,서울 마포구 와우산로 39-21,37.548163350253,126.922165813444,50,"{카페,대화}","{cafe,dessert}",http://place.map.kakao.com/1616881642,true
665085650,그림서재,hongdae,cafe,서울 마포구 와우산로 29-18,37.5474063610527,126.921938014973,50,"{카페,대화}","{cafe,dessert}",http://place.map.kakao.com/665085650,true
172977373,틈이있는곳,hongdae,cafe,서울 마포구 독막로15길 5,37.548185659182565,126.92183875104988,50,"{카페,대화}","{cafe,dessert}",http://place.map.kakao.com/172977373,true
432126403,스타클링,hongdae,cafe,서울 마포구 독막로15길 3-3,37.5481026406284,126.921647593573,50,"{카페,대화}","{cafe,dessert}",http://place.map.kakao.com/432126403,true
1722263695,로위하우스,hongdae,cafe,서울 마포구 독막로15길 7,37.5482325926506,126.921962049085,50,"{카페,대화}","{cafe,dessert}",http://place.map.kakao.com/1722263695,true
1263910882,펠리칸카페,hongdae,cafe,서울 마포구 독막로14길 27,37.54749950609009,126.9224573282739,50,"{카페,대화}","{cafe,dessert}",http://place.map.kakao.com/1263910882,true
1944729440,카페스윗피,hongdae,cafe,서울 마포구 독막로15길 3-6,37.5482766202559,126.921778679952,50,"{카페,대화}","{cafe,dessert}",http://place.map.kakao.com/1944729440,true
738498040,카페 홀리데이,hongdae,cafe,서울 마포구 독막로15길 13-5,37.5483208612761,126.921917823665,50,"{카페,대화}","{cafe,dessert}",http://place.map.kakao.com/738498040,true
1884536174,클럽바리스타,hongdae,cafe,서울 마포구 독막로 83,37.547890675034836,126.9226640093556,50,"{카페,대화}","{cafe,dessert}",http://place.map.kakao.com/1884536174,true
19032349,에반스빌,hongdae,cafe,서울 마포구 독막로15길 12,37.5483355340171,126.92230708763,50,"{카페,대화}","{cafe,dessert}",http://place.map.kakao.com/19032349,true
267095968,플로이드,hongdae,cafe,서울 마포구 독막로15길 3-7,37.5482701353024,126.921510491652,50,"{카페,대화}","{cafe,dessert}",http://place.map.kakao.com/267095968,true
13500074,데코아발림,hongdae,cafe,서울 마포구 독막로15길 13-6,37.5484216771677,126.921772870235,50,"{카페,대화}","{cafe,dessert}",http://place.map.kakao.com/13500074,true
609021762,카페몬데이,hongdae,cafe,서울 마포구 독막로15길 13-4,37.548463191996,126.9218769366,50,"{카페,대화}","{cafe,dessert}",http://place.map.kakao.com/609021762,true
1544649397,매머드익스프레스 상수역점,hongdae,cafe,서울 마포구 와우산로 39,37.548054741825,126.92279397633,50,"{카페,대화}","{cafe,dessert}",http://place.map.kakao.com/1544649397,true
1528275236,유어데이,hongdae,cafe,서울 마포구 와우산로13길 49-11,37.5482474943804,126.921336245228,50,"{카페,대화}","{cafe,dessert}",http://place.map.kakao.com/1528275236,true
1207395541,스테디,hongdae,cafe,서울 마포구 와우산로13길 49-11,37.5482474913648,126.921331718733,50,"{카페,대화}","{cafe,dessert}",http://place.map.kakao.com/1207395541,true
304942288,베니케이크,hongdae,cafe,서울 마포구 독막로15길 17,37.5485191107337,126.92196288201,50,"{카페,대화}","{cafe,dessert}",http://place.map.kakao.com/304942288,true
1681640020,파니메,hongdae,cafe,서울 마포구 와우산로11길 9-9,37.5485365420943,126.922437016315,50,"{카페,대화}","{cafe,dessert}",http://place.map.kakao.com/1681640020,true
1626505090,푸글렌 서울,hongdae,cafe,서울 마포구 와우산로 43,37.5483935288776,126.922811732929,50,"{카페,대화}","{cafe,dessert}",http://place.map.kakao.com/1626505090,true
1306169902,제로썬,hongdae,cafe,서울 마포구 독막로 68,37.5475993547371,126.920854858494,50,"{카페,대화}","{cafe,dessert}",http://place.map.kakao.com/1306169902,true
1835233809,몽슈와,hongdae,cafe,서울 마포구 독막로15길 24,37.5487489555931,126.922099569867,50,"{카페,대화}","{cafe,dessert}",http://place.map.kakao.com/1835233809,true
1091554049,안,hongdae,cafe,서울 마포구 독막로15길 24,37.5487535120761,126.92217764774,50,"{카페,대화}","{cafe,dessert}",http://place.map.kakao.com/1091554049,true
1123468090,해피베어데이 상수점,hongdae,cafe,서울 마포구 와우산로13길 49-6,37.5483562687906,126.920967220812,50,"{카페,대화}","{cafe,dessert}",http://place.map.kakao.com/1123468090,true
480704494,테라커피 상수점,hongdae,cafe,서울 마포구 독막로 65,37.5479776827752,126.920718664045,50,"{카페,대화}","{cafe,dessert}",http://place.map.kakao.com/480704494,true
26848996,스타벅스 상수역점,hongdae,cafe,서울 마포구 독막로 88,37.5475649101839,126.923272022704,50,"{카페,대화}","{cafe,dessert}",http://place.map.kakao.com/26848996,true
1848227046,문어의 꿈 카페,hongdae,cafe,서울 마포구 와우산로13길 49-3,37.5485157984043,126.921046266373,50,"{카페,대화}","{cafe,dessert}",http://place.map.kakao.com/1848227046,true
274868973,클로버케이푸드랩,hongdae,cafe,서울 마포구 와우산로11길 28,37.54874580195353,126.92141946232587,50,"{카페,대화}","{cafe,dessert}",http://place.map.kakao.com/274868973,true
155839608,카페모모이,hongdae,cafe,서울 마포구 와우산로13길 35,37.5487963391079,126.921541625609,50,"{카페,대화}","{cafe,dessert}",http://place.map.kakao.com/155839608,true
1330200307,캣파라다이스,hongdae,cafe,서울 마포구 와우산로13길 35,37.5487963391079,126.921541625609,50,"{카페,대화}","{cafe,dessert}",http://place.map.kakao.com/1330200307,true
1494667205,스탠스커피,hongdae,cafe,서울 마포구 와우산로11길 9,37.54882577058748,126.92244916458264,50,"{카페,대화}","{cafe,dessert}",http://place.map.kakao.com/1494667205,true
1234337450,구름카페,hongdae,cafe,서울 마포구 와우산로11길 28,37.5487908397936,126.921401308923,50,"{카페,대화}","{cafe,dessert}",http://place.map.kakao.com/1234337450,true
14565564,달콤한거짓말,hongdae,cafe,서울 마포구 독막로 61-4,37.5480857234544,126.920600860929,50,"{카페,대화}","{cafe,dessert}",http://place.map.kakao.com/14565564,true
1571648511,너드플래닛,hongdae,cafe,서울 마포구 와우산로13길 40,37.54884931870883,126.92127224129374,50,"{카페,대화}","{cafe,dessert}",http://place.map.kakao.com/1571648511,true
1256912576,록집,hongdae,cafe,서울 마포구 와우산로15길 37,37.54900806004804,126.92152103424371,50,"{카페,대화}","{cafe,dessert}",http://place.map.kakao.com/1256912576,true
384947498,아지트아이슬란드,hongdae,cafe,서울 마포구 독막로 92-11,37.5471577435368,126.923402574964,50,"{카페,대화}","{cafe,dessert}",http://place.map.kakao.com/384947498,true
1501787525,메가MGC커피 상수로데오점,hongdae,cafe,서울 마포구 어울마당로 40,37.54855249662313,126.92068410636723,50,"{카페,대화}","{cafe,dessert}",http://place.map.kakao.com/1501787525,true
443655581,카페 라스플라미아,hongdae,cafe,서울 마포구 와우산로15길 50,37.548745430129,126.920862699784,50,"{카페,대화}","{cafe,dessert}",http://place.map.kakao.com/443655581,true
1564406410,스윗도프,hongdae,cafe,서울 마포구 와우산로15길 33,37.5490892332728,126.921646560864,50,"{카페,대화}","{cafe,dessert}",http://place.map.kakao.com/1564406410,true
928962203,마이쥬스 합정점,hongdae,cafe,서울 마포구 어울마당로 36,37.54826851480904,126.92043544982641,50,"{카페,대화}","{cafe,dessert}",http://place.map.kakao.com/928962203,true
1622433977,모두다토끼,hongdae,cafe,서울 마포구 와우산로15길 40,37.5490123434522,126.921188328765,50,"{카페,대화}","{cafe,dessert}",http://place.map.kakao.com/1622433977,true
1807705192,차차커피코,hongdae,cafe,서울 마포구 독막로18길 22,37.54694238442785,126.9233711103932,50,"{카페,대화}","{cafe,dessert}",http://place.map.kakao.com/1807705192,true
1805272007,카페공간,hongdae,cafe,서울 마포구 어울마당로 44,37.548858055606,126.920863712347,50,"{카페,대화}","{cafe,dessert}",http://place.map.kakao.com/1805272007,true
926407389,인솔커피 상수점,hongdae,cafe,서울 마포구 독막로18길 16,37.54711098038255,126.92353954729401,50,"{카페,대화}","{cafe,dessert}",http://place.map.kakao.com/926407389,true
200411443,키이스케이프 홍대점,hongdae,cafe,서울 마포구 어울마당로 44-1,37.5489545131649,126.920939429924,50,"{카페,대화}","{cafe,dessert}",http://place.map.kakao.com/200411443,true
1269869776,플렉스 3호점,hongdae,culture,서울 마포구 독막로 68,37.5476083115905,126.92077563599,50,"{문화,실내}","{culture,walk}",http://place.map.kakao.com/1269869776,true
765878828,갤러리제일,hongdae,culture,서울 마포구 어울마당로 26,37.5475212647963,126.919958703195,50,"{문화,실내}","{culture,walk}",http://place.map.kakao.com/765878828,true
7854938,롤링홀,hongdae,culture,서울 마포구 어울마당로 35,37.54849715586611,126.92012061415478,50,"{문화,실내}","{culture,walk}",http://place.map.kakao.com/7854938,true
883269350,아틀리에홀,hongdae,culture,서울 마포구 독막로19길 46,37.5490788682678,126.923705019466,50,"{문화,실내}","{culture,walk}",http://place.map.kakao.com/883269350,true
1527914102,엘라의거실,hongdae,culture,서울 마포구 독막로19길 30,37.54887949609819,126.92471690349468,50,"{문화,실내}","{culture,walk}",http://place.map.kakao.com/1527914102,true
612943766,얼라이브홀,hongdae,culture,서울 마포구 독막로7길 20,37.5487046363934,126.919165295887,50,"{문화,실내}","{culture,walk}",http://place.map.kakao.com/612943766,true
850506425,가내수공연,hongdae,culture,서울 마포구 독막로19길 30,37.5489281600828,126.924732697438,50,"{문화,실내}","{culture,walk}",http://place.map.kakao.com/850506425,true
25956150,아트티갤러리,hongdae,culture,서울 마포구 독막로19길 12,37.5482725957694,126.925303695545,50,"{문화,실내}","{culture,walk}",http://place.map.kakao.com/25956150,true
1675809011,우무지,hongdae,culture,서울 마포구 독막로8길 7,37.5475436546971,126.918444579999,50,"{문화,실내}","{culture,walk}",http://place.map.kakao.com/1675809011,true
28358961,틸라 그라운드,hongdae,culture,서울 마포구 토정로9길 2,37.5453951671995,126.924455617491,50,"{문화,실내}","{culture,walk}",http://place.map.kakao.com/28358961,true
1139234181,사운드지하,hongdae,culture,서울 마포구 토정로9길 2,37.545395167193,126.924455617492,50,"{문화,실내}","{culture,walk}",http://place.map.kakao.com/1139234181,true
20549804,유니아트홀,hongdae,culture,서울 마포구 독막로8길 49,37.5455719181006,126.917937515278,50,"{문화,실내}","{culture,walk}",http://place.map.kakao.com/20549804,true
8680787,홍익대학교 박물관,hongdae,culture,서울 마포구 와우산로 94,37.550742663974425,126.9259892811786,50,"{문화,실내}","{culture,walk}",http://place.map.kakao.com/8680787,true
1780409199,신김치생삼겹살 2호,hapjeong,restaurant,서울 마포구 양화로 50,37.5495221639061,126.914505435962,50,{식사},"{lunch,dinner}",http://place.map.kakao.com/1780409199,true
12264769,신김치생삼겹살,hapjeong,restaurant,서울 마포구 양화로 50,37.5495230657294,126.91450656657555,50,{식사},"{lunch,dinner}",http://place.map.kakao.com/12264769,true
88547142,스키야키201,hapjeong,restaurant,서울 마포구 양화로6길 10,37.5493340296992,126.914746690342,50,{식사},"{lunch,dinner}",http://place.map.kakao.com/88547142,true
319112576,합정쌀빵,hapjeong,restaurant,서울 마포구 양화로 지하 45,37.549112285403446,126.91337313501077,50,{식사},"{lunch,dinner}",http://place.map.kakao.com/319112576,true
62470145,야키토리잔잔 합정점,hapjeong,restaurant,서울 마포구 양화로6길 10,37.54935477388308,126.91477608938442,50,{식사},"{lunch,dinner}",http://place.map.kakao.com/62470145,true
271219026,원만쥬벌판,hapjeong,restaurant,서울 마포구 양화로 지하 45,37.549259014203066,126.91319077121244,50,{식사},"{lunch,dinner}",http://place.map.kakao.com/271219026,true
1994979518,마리짱,hapjeong,restaurant,서울 마포구 양화로 지하 55,37.5501088025273,126.914628116028,50,{식사},"{lunch,dinner}",http://place.map.kakao.com/1994979518,true
1890160296,호앙비엣 합정점,hapjeong,restaurant,서울 마포구 양화로6길 14,37.5491962978648,126.914914329747,50,{식사},"{lunch,dinner}",http://place.map.kakao.com/1890160296,true
273572258,산미나리닭한마리,hapjeong,restaurant,서울 마포구 양화로6길 14,37.549196297864846,126.91491432974651,50,{식사},"{lunch,dinner}",http://place.map.kakao.com/273572258,true
1828577991,정육도,hapjeong,restaurant,서울 마포구 양화로6길 14,37.549174668220346,126.91490643286372,50,{식사},"{lunch,dinner}",http://place.map.kakao.com/1828577991,true
1656521128,밥줄 합정역점,hapjeong,restaurant,서울 마포구 양화로 지하 55,37.5501142150636,126.914637163075,50,{식사},"{lunch,dinner}",http://place.map.kakao.com/1656521128,true
1227821834,쿠차라 합정역점,hapjeong,restaurant,서울 마포구 양화로 45,37.5502395941393,126.913591371315,50,{식사},"{lunch,dinner}",http://place.map.kakao.com/1227821834,true
17360923,마포소문난족발순대국,hapjeong,restaurant,서울 마포구 양화로6길 9,37.549370262123446,126.91501371643889,50,{식사},"{lunch,dinner}",http://place.map.kakao.com/17360923,true
1717516251,명현만간장게장무한리필 합정점,hapjeong,restaurant,서울 마포구 양화로 45,37.5502296301449,126.913518956939,50,{식사},"{lunch,dinner}",http://place.map.kakao.com/1717516251,true
11749180,코코호도 합정역점,hapjeong,restaurant,서울 마포구 독막로 4,37.5486757466406,126.913982457617,50,{식사},"{lunch,dinner}",http://place.map.kakao.com/11749180,true
10200217,김밥천국 합정점,hapjeong,restaurant,서울 마포구 독막로 4,37.5486685287662,126.913968886342,50,{식사},"{lunch,dinner}",http://place.map.kakao.com/10200217,true
16045153,합정순대국,hapjeong,restaurant,서울 마포구 양화로6길 14,37.549122437264764,126.91494383628245,50,{식사},"{lunch,dinner}",http://place.map.kakao.com/16045153,true
900425820,스시강,hapjeong,restaurant,서울 마포구 독막로 11-5,37.54901697976512,126.91488737431389,50,{식사},"{lunch,dinner}",http://place.map.kakao.com/900425820,true
1910284634,따로집,hapjeong,restaurant,서울 마포구 독막로 4,37.548635144014035,126.91390329015687,50,{식사},"{lunch,dinner}",http://place.map.kakao.com/1910284634,true
25131079,김가네 합정역점,hapjeong,restaurant,서울 마포구 독막로 11,37.54883756693754,126.91472914965152,50,{식사},"{lunch,dinner}",http://place.map.kakao.com/25131079,true
1937381710,멘야수,hapjeong,restaurant,서울 마포구 양화로 56,37.54966314168434,126.91509033581866,50,{식사},"{lunch,dinner}",http://place.map.kakao.com/1937381710,true
27339674,고향집김치삼겹살 합정역점,hapjeong,restaurant,서울 마포구 양화로6길 13,37.5493072476524,126.915090739534,50,{식사},"{lunch,dinner}",http://place.map.kakao.com/27339674,true
398216792,88노가리 합정점,hapjeong,restaurant,서울 마포구 양화로6길 13,37.5493117599636,126.91510091918,50,{식사},"{lunch,dinner}",http://place.map.kakao.com/398216792,true
577625166,탕화쿵푸마라탕 합정점,hapjeong,restaurant,서울 마포구 독막로 4-1,37.5486260175818,126.913743740808,50,{식사},"{lunch,dinner}",http://place.map.kakao.com/577625166,true
26303376,벌트,hapjeong,restaurant,서울 마포구 독막로 11,37.5488601408917,126.914797021956,50,{식사},"{lunch,dinner}",http://place.map.kakao.com/26303376,true
21330668,다북어국,hapjeong,restaurant,서울 마포구 양화로6길 9-6,37.5495091264199,126.915167462286,50,{식사},"{lunch,dinner}",http://place.map.kakao.com/21330668,true
19033666,포차포차,hapjeong,restaurant,서울 마포구 월드컵로1길 3,37.5494677780198,126.912827271749,50,{식사},"{lunch,dinner}",http://place.map.kakao.com/19033666,true
8997244,마루돈까스,hapjeong,restaurant,서울 마포구 양화로6길 17,37.54924244089036,126.91518134420342,50,{식사},"{lunch,dinner}",http://place.map.kakao.com/8997244,true
1431627680,정포차,hapjeong,restaurant,서울 마포구 양화로6길 17,37.5492595671603,126.915191509554,50,{식사},"{lunch,dinner}",http://place.map.kakao.com/1431627680,true
1549878279,안목가돈,hapjeong,restaurant,서울 마포구 양화로8길 16-22,37.5494082569476,126.915226421987,50,{식사},"{lunch,dinner}",http://place.map.kakao.com/1549878279,true
1307936961,홍홍 합정점,hapjeong,restaurant,서울 마포구 양화로 56,37.549972197664324,126.91510922328709,50,{식사},"{lunch,dinner}",http://place.map.kakao.com/1307936961,true
92793209,타오마라탕 합정본점,hapjeong,restaurant,서울 마포구 양화로6길 19,37.54924431762455,126.91528545290839,50,{식사},"{lunch,dinner}",http://place.map.kakao.com/92793209,true
24063488,JBD종로빈대떡 합정점,hapjeong,restaurant,서울 마포구 양화로6길 19,37.5492497301049,126.915294499899,50,{식사},"{lunch,dinner}",http://place.map.kakao.com/24063488,true
18168124,투다리 합정점,hapjeong,restaurant,서울 마포구 월드컵로1길 5,37.5494460336632,126.912664340552,50,{식사},"{lunch,dinner}",http://place.map.kakao.com/18168124,true
16048259,옹기골바베큐 합정점,hapjeong,restaurant,서울 마포구 월드컵로1길 5,37.5494712582454,126.912659784548,50,{식사},"{lunch,dinner}",http://place.map.kakao.com/16048259,true
630155959,두놈포차,hapjeong,restaurant,서울 마포구 양화로6길 18,37.54900730407317,126.9152144280878,50,{식사},"{lunch,dinner}",http://place.map.kakao.com/630155959,true
748988869,어사출또 합정역점,hapjeong,restaurant,서울 마포구 양화로6길 18,37.5490082042647,126.915213295432,50,{식사},"{lunch,dinner}",http://place.map.kakao.com/748988869,true
1650820156,합정조이떡볶이,hapjeong,restaurant,서울 마포구 양화로 36,37.5484959847648,126.913348952424,50,{식사},"{lunch,dinner}",http://place.map.kakao.com/1650820156,true
1593638371,메종 치킨이좋아,hapjeong,restaurant,서울 마포구 양화로 57,37.5504845994116,126.914739721563,50,{식사},"{lunch,dinner}",http://place.map.kakao.com/1593638371,true
24063108,마포오리농장,hapjeong,restaurant,서울 마포구 양화로 58,37.55007321911783,126.915261881735,50,{식사},"{lunch,dinner}",http://place.map.kakao.com/24063108,true
1891298246,계림원 합정역점,hapjeong,restaurant,서울 마포구 양화로 36,37.54851392577881,126.91324142695599,50,{식사},"{lunch,dinner}",http://place.map.kakao.com/1891298246,true
567577286,육전국밥 합정점,hapjeong,restaurant,서울 마포구 양화로 36,37.54844105379457,126.9133897545952,50,{식사},"{lunch,dinner}",http://place.map.kakao.com/567577286,true
1942265623,한길비스트로,hapjeong,restaurant,서울 마포구 독막로 13,37.548742370939074,126.91515927821148,50,{식사},"{lunch,dinner}",http://place.map.kakao.com/1942265623,true
17079032,퓨전선술집,hapjeong,restaurant,서울 마포구 월드컵로1길 7,37.54946570812747,126.91246514846281,50,{식사},"{lunch,dinner}",http://place.map.kakao.com/17079032,true
1450782458,통영박이충무김밥,hapjeong,restaurant,서울 마포구 양화로6길 21,37.5491958097162,126.915489202781,50,{식사},"{lunch,dinner}",http://place.map.kakao.com/1450782458,true
1592766936,메가MGC커피 합정역점,hapjeong,cafe,서울 마포구 양화로 46-1,37.5493895309981,126.914248704796,50,"{카페,대화}","{cafe,dessert}",http://place.map.kakao.com/1592766936,true
1896497507,더쿠스타,hapjeong,cafe,서울 마포구 양화로 50,37.5495230657294,126.914506566576,50,"{카페,대화}","{cafe,dessert}",http://place.map.kakao.com/1896497507,true
1639606354,락앤블루스,hapjeong,cafe,서울 마포구 양화로6길 10,37.54932139939,126.914724071914,50,"{카페,대화}","{cafe,dessert}",http://place.map.kakao.com/1639606354,true
27076117,스타벅스 합정메세나몰점,hapjeong,cafe,서울 마포구 양화로 45,37.5500016943689,126.913541853312,50,"{카페,대화}","{cafe,dessert}",http://place.map.kakao.com/27076117,true
2049742,투썸플레이스 합정역점,hapjeong,cafe,서울 마포구 독막로 5,37.54894721263549,126.91434766375866,50,"{카페,대화}","{cafe,dessert}",http://place.map.kakao.com/2049742,true
1333221592,컴포즈커피 합정점,hapjeong,cafe,서울 마포구 양화로6길 14,37.549253041140055,126.91488710589515,50,"{카페,대화}","{cafe,dessert}",http://place.map.kakao.com/1333221592,true
1748162375,피오커피 합정,hapjeong,cafe,서울 마포구 독막로 9,37.5488924451947,126.914614792087,50,"{카페,대화}","{cafe,dessert}",http://place.map.kakao.com/1748162375,true
1119038967,필리커피 합정,hapjeong,cafe,서울 마포구 양화로6길 9,37.5493702670038,126.915020506282,50,"{카페,대화}","{cafe,dessert}",http://place.map.kakao.com/1119038967,true
563310843,동그리카페베이글,hapjeong,cafe,서울 마포구 양화로 56,37.54962976570247,126.91503605470527,50,"{카페,대화}","{cafe,dessert}",http://place.map.kakao.com/563310843,true
18546372,재즈다,hapjeong,cafe,서울 마포구 양화로6길 19,37.5492533276006,126.915285442711,50,"{카페,대화}","{cafe,dessert}",http://place.map.kakao.com/18546372,true
21458966,할리스 합정역점,hapjeong,cafe,서울 마포구 양화로 36,37.5485599854878,126.913389616985,50,"{카페,대화}","{cafe,dessert}",http://place.map.kakao.com/21458966,true
415239765,카페크리스타리움,hapjeong,cafe,서울 마포구 양화로6길 18,37.5490073040732,126.915214428088,50,"{카페,대화}","{cafe,dessert}",http://place.map.kakao.com/415239765,true
498630420,오디티,hapjeong,cafe,서울 마포구 양화로6길 21,37.5492003309007,126.915511830453,50,"{카페,대화}","{cafe,dessert}",http://place.map.kakao.com/498630420,true
116563093,이그노,hapjeong,cafe,서울 마포구 양화로6길 21,37.5492003308943,126.915511830453,50,"{카페,대화}","{cafe,dessert}",http://place.map.kakao.com/116563093,true
2057327896,스타벅스 합정점,hapjeong,cafe,서울 마포구 월드컵로1길 14,37.54994959743763,126.91253700818196,50,"{카페,대화}","{cafe,dessert}",http://place.map.kakao.com/2057327896,true
723283723,비일구일구 서울,hapjeong,cafe,서울 마포구 양화로 45,37.55072515217346,126.91348217122815,50,"{카페,대화}","{cafe,dessert}",http://place.map.kakao.com/723283723,true
17667733,이고 수플레 합정본점,hapjeong,cafe,서울 마포구 양화로8길 32-17,37.5494229549912,126.915620216818,50,"{카페,대화}","{cafe,dessert}",http://place.map.kakao.com/17667733,true
1847843172,커피에반하다 마포양화로점 스마트카페,hapjeong,cafe,서울 마포구 양화로 59,37.5506585972288,126.914885507611,50,"{카페,대화}","{cafe,dessert}",http://place.map.kakao.com/1847843172,true
389427226,투썸플레이스 합정메세나폴리스점,hapjeong,cafe,서울 마포구 양화로 45,37.55073761171898,126.91327166768723,50,"{카페,대화}","{cafe,dessert}",http://place.map.kakao.com/389427226,true
1209014435,커피랩스로스터리 합정점,hapjeong,cafe,서울 마포구 양화로6길 27,37.5491743184555,126.915674815746,50,"{카페,대화}","{cafe,dessert}",http://place.map.kakao.com/1209014435,true
1233744747,빽다방 합정역사거리점,hapjeong,cafe,서울 마포구 독막로2길 10,37.5482031705053,126.914599735598,50,"{카페,대화}","{cafe,dessert}",http://place.map.kakao.com/1233744747,true
316792969,이디야커피 합정역사거리점,hapjeong,cafe,서울 마포구 독막로2길 5,37.5482583462413,126.914897289909,50,"{카페,대화}","{cafe,dessert}",http://place.map.kakao.com/316792969,true
686476075,빽다방 합정역점,hapjeong,cafe,서울 마포구 월드컵로1길 14,37.55018827199878,126.91241564233955,50,"{카페,대화}","{cafe,dessert}",http://place.map.kakao.com/686476075,true
893921769,에포크,hapjeong,cafe,서울 마포구 독막로 17-1,37.5487048064755,126.915546338699,50,"{카페,대화}","{cafe,dessert}",http://place.map.kakao.com/893921769,true
288597324,스타벅스 합정폴리스R점,hapjeong,cafe,서울 마포구 양화로 45,37.5508989849269,126.91340049045,50,"{카페,대화}","{cafe,dessert}",http://place.map.kakao.com/288597324,true
612627792,스티키 커피,hapjeong,cafe,서울 마포구 월드컵로1길 14,37.5501998589261,126.912245880697,50,"{카페,대화}","{cafe,dessert}",http://place.map.kakao.com/612627792,true
702546546,세라젬웰카페 서울합정메세나폴리스직영점,hapjeong,cafe,서울 마포구 양화로 45,37.55092767059659,126.91320128423632,50,"{카페,대화}","{cafe,dessert}",http://place.map.kakao.com/702546546,true
1068887729,머씨커피,hapjeong,cafe,서울 마포구 양화로8길 32-10,37.5495061275321,126.916013934974,50,"{카페,대화}","{cafe,dessert}",http://place.map.kakao.com/1068887729,true
984676387,엘로,hapjeong,cafe,서울 마포구 양화로8길 16-9,37.5496980480565,126.916025036095,50,"{카페,대화}","{cafe,dessert}",http://place.map.kakao.com/984676387,true
1633185698,카페메틀,hapjeong,cafe,서울 마포구 월드컵로1길 14,37.5500501561329,126.912061596992,50,"{카페,대화}","{cafe,dessert}",http://place.map.kakao.com/1633185698,true
1093141922,템포커피 합정교보문고점,hapjeong,cafe,서울 마포구 월드컵로1길 14,37.5500501561265,126.912061596992,50,"{카페,대화}","{cafe,dessert}",http://place.map.kakao.com/1093141922,true
977381129,커피더맨,hapjeong,cafe,서울 마포구 양화로 25,37.549090544917725,126.91199708942091,50,"{카페,대화}","{cafe,dessert}",http://place.map.kakao.com/977381129,true
517428887,폴바셋 교보문고합정점,hapjeong,cafe,서울 마포구 월드컵로1길 14,37.5499824936181,126.911943984822,50,"{카페,대화}","{cafe,dessert}",http://place.map.kakao.com/517428887,true
1829875059,메가MGC커피 마포한강푸르지오점,hapjeong,cafe,서울 마포구 월드컵로1길 14,37.54971747957571,126.91178247112701,50,"{카페,대화}","{cafe,dessert}",http://place.map.kakao.com/1829875059,true
135859504,새검정,hapjeong,cafe,서울 마포구 독막로2길 17,37.547802346683774,126.91476654068016,50,"{카페,대화}","{cafe,dessert}",http://place.map.kakao.com/135859504,true
1040119941,디벙크,hapjeong,cafe,서울 마포구 성지1길 30,37.547901709139026,126.91511722948697,50,"{카페,대화}","{cafe,dessert}",http://place.map.kakao.com/1040119941,true
1146015067,이디야커피 합정홈플러스점,hapjeong,cafe,서울 마포구 양화로 45,37.55125208782188,126.91328012490311,50,"{카페,대화}","{cafe,dessert}",http://place.map.kakao.com/1146015067,true
1855670694,합정카페 웨하로스터스,hapjeong,cafe,서울 마포구 성지1길 35,37.5480425464112,126.915509742378,50,"{카페,대화}","{cafe,dessert}",http://place.map.kakao.com/1855670694,true
1468035074,카페트래블 어라운드,hapjeong,cafe,서울 마포구 양화로8길 9,37.55032883156725,126.9161442839342,50,"{카페,대화}","{cafe,dessert}",http://place.map.kakao.com/1468035074,true
1249548571,오페라빈 에스프레소바 합정점,hapjeong,cafe,서울 마포구 독막로2길 22,37.5476309246814,126.914445357183,50,"{카페,대화}","{cafe,dessert}",http://place.map.kakao.com/1249548571,true
1583017177,루아르 합정점,hapjeong,cafe,서울 마포구 성지길 22,37.5477200527566,126.913114474408,50,"{카페,대화}","{cafe,dessert}",http://place.map.kakao.com/1583017177,true
249011741,진부책방스튜디오,hapjeong,cafe,서울 마포구 양화로8길 13,37.5502180972099,126.916268889955,50,"{카페,대화}","{cafe,dessert}",http://place.map.kakao.com/249011741,true
1794662703,공차 합정교보문고점,hapjeong,cafe,서울 마포구 월드컵로3길 14,37.55098020247034,126.91235247404165,50,"{카페,대화}","{cafe,dessert}",http://place.map.kakao.com/1794662703,true
1605802830,콘피 합정점,hapjeong,cafe,서울 마포구 양화로 66,37.5506044893416,126.916077207163,50,"{카페,대화}","{cafe,dessert}",http://place.map.kakao.com/1605802830,true
506299434,카페어니스티 합정본점,hapjeong,cafe,서울 마포구 양화로8길 9,37.5503748531187,126.916243818153,50,"{카페,대화}","{cafe,dessert}",http://place.map.kakao.com/506299434,true
612954815,크리스프웨지,hapjeong,culture,서울 마포구 양화로8길 32-17,37.5494157340639,126.915602118685,50,"{문화,실내}","{culture,walk}",http://place.map.kakao.com/612954815,true
206809514,랜덤스퀘어갤러리,hapjeong,culture,서울 마포구 양화로 45,37.5507821095599,126.913748046128,50,"{문화,실내}","{culture,walk}",http://place.map.kakao.com/206809514,true
26490207,드림홀,hapjeong,culture,서울 마포구 양화로 64,37.5502303425103,126.915750578547,50,"{문화,실내}","{culture,walk}",http://place.map.kakao.com/26490207,true
913470127,NOL씨어터합정 동양생명홀,hapjeong,culture,서울 마포구 양화로 45,37.5510905944119,126.914219595937,50,"{문화,실내}","{culture,walk}",http://place.map.kakao.com/913470127,true
18581223,슈퍼맨아트홀,hapjeong,culture,서울 마포구 양화로 64,37.5502736355883,126.9158139025,50,"{문화,실내}","{culture,walk}",http://place.map.kakao.com/18581223,true
965126398,신한카드 SOL페이 스퀘어 라이브홀,hapjeong,culture,서울 마포구 양화로 45,37.55112586142693,126.91439609571269,50,"{문화,실내}","{culture,walk}",http://place.map.kakao.com/965126398,true
27432266,이용주 혼자수초상화미술관,hapjeong,culture,서울 마포구 월드컵로1길 14,37.54983922827575,126.91193510017573,50,"{문화,실내}","{culture,walk}",http://place.map.kakao.com/27432266,true
1880072976,NOL씨어터합정 ABL생명홀,hapjeong,culture,서울 마포구 양화로 45,37.551180792719,126.914355292812,50,"{문화,실내}","{culture,walk}",http://place.map.kakao.com/1880072976,true
408816532,NOL씨어터 합정,hapjeong,culture,서울 마포구 양화로 45,37.55119703529659,126.9143892242954,50,"{문화,실내}","{culture,walk}",http://place.map.kakao.com/408816532,true
17811672,롯데시네마 합정,hapjeong,culture,서울 마포구 양화로 45,37.5514575965918,126.913390790739,50,"{문화,실내}","{culture,walk}",http://place.map.kakao.com/17811672,true
8556588,인사갤러리,hapjeong,culture,서울 마포구 양화로 45,37.55148185873748,126.91330249214762,50,"{문화,실내}","{culture,walk}",http://place.map.kakao.com/8556588,true
19455955,KB아트홀,hapjeong,culture,서울 마포구 양화로 19,37.5490990622016,126.911338466528,50,"{문화,실내}","{culture,walk}",http://place.map.kakao.com/19455955,true
697236313,누아갤러리,hapjeong,culture,서울 마포구 양화로 72,37.55072290403405,126.91661914041165,50,"{문화,실내}","{culture,walk}",http://place.map.kakao.com/697236313,true
15299361,라디오가가,hapjeong,culture,서울 마포구 양화로11길 54,37.5523553077196,126.913824319535,50,"{문화,실내}","{culture,walk}",http://place.map.kakao.com/15299361,true
982307659,인스턴트하우스,hapjeong,culture,서울 마포구 양화로11길 18,37.552136818917,126.915700901854,50,"{문화,실내}","{culture,walk}",http://place.map.kakao.com/982307659,true
752515892,토마토홀,hapjeong,culture,서울 마포구 양화진4길 32,37.5476461148447,126.910625006597,50,"{문화,실내}","{culture,walk}",http://place.map.kakao.com/752515892,true
25588461,양화진홀 전시관,hapjeong,culture,서울 마포구 양화진길 46,37.5465946511698,126.911825757308,50,"{문화,실내}","{culture,walk}",http://place.map.kakao.com/25588461,true
27104112,양화진문화원,hapjeong,culture,서울 마포구 양화진길 46,37.5465087276954,126.9113867984548,50,"{문화,실내}","{culture,walk}",http://place.map.kakao.com/27104112,true
25977600,한국기독교선교기념관,hapjeong,culture,서울 마포구 양화진길 46,37.5464970079284,126.911377759544,50,"{문화,실내}","{culture,walk}",http://place.map.kakao.com/25977600,true
1888442011,G스페이스홀,hapjeong,culture,서울 마포구 포은로 14,37.54942011396458,126.9093554492971,50,"{문화,실내}","{culture,walk}",http://place.map.kakao.com/1888442011,true
355453076,다이렉트소극장,hapjeong,culture,서울 마포구 포은로 14,37.5494399254828,126.909341845597,50,"{문화,실내}","{culture,walk}",http://place.map.kakao.com/355453076,true
18619515,불과얼음 뮤지컬워크숍극장,hapjeong,culture,서울 마포구 포은로 14,37.5495047486251,126.909278395057,50,"{문화,실내}","{culture,walk}",http://place.map.kakao.com/18619515,true
1397051202,아뜰리에 드 카사네,hapjeong,culture,서울 마포구 토정로 34,37.5454867001066,126.914656018926,50,"{문화,실내}","{culture,walk}",http://place.map.kakao.com/1397051202,true
25073566,복합문화공간사이,hapjeong,culture,서울 마포구 잔다리로7길 18,37.55315383289741,126.91667075373022,50,"{문화,실내}","{culture,walk}",http://place.map.kakao.com/25073566,true
1624232094,아트스페이스 합정,hapjeong,culture,서울 마포구 포은로 24,37.5500980304218,126.908660925456,50,"{문화,실내}","{culture,walk}",http://place.map.kakao.com/1624232094,true
78993687,지하소문,hapjeong,culture,서울 마포구 포은로 21,37.5497781387148,126.908612654973,50,"{문화,실내}","{culture,walk}",http://place.map.kakao.com/78993687,true
629098009,가온스테이지,hapjeong,culture,서울 마포구 잔다리로 59,37.5531084819554,126.917525236149,50,"{문화,실내}","{culture,walk}",http://place.map.kakao.com/629098009,true
2034292977,논스케일드 갤러리 & 스튜디오,hapjeong,culture,서울 마포구 월드컵로 51,37.5538096180516,126.911523013338,50,"{문화,실내}","{culture,walk}",http://place.map.kakao.com/2034292977,true
26563970,서울도보관광코스 한강~절두산코스,hapjeong,attraction,서울 마포구 합정동,37.54873177698827,126.90707038687692,50,"{구경,산책}","{walk,culture}",http://place.map.kakao.com/26563970,true
1852962598,망리단길,hapjeong,attraction,서울 마포구 망원동,37.5536575185624,126.905914457472,50,"{구경,산책}","{walk,culture}",http://place.map.kakao.com/1852962598,true
18941653,맥도날드 합정메세나폴리스점,hapjeong,restaurant,서울 마포구 양화로 45,37.5507188385582,126.913473125232,50,{식사},"{lunch,dinner}",http://place.map.kakao.com/18941653,true
26321115,써브웨이 합정역메세나폴리스점,hapjeong,restaurant,서울 마포구 양화로 45,37.55076381623667,126.9133746186048,50,{식사},"{lunch,dinner}",http://place.map.kakao.com/26321115,true
1195638621,미홍,hapjeong,restaurant,서울 마포구 양화로 45,37.5507745343138,126.913246728328,50,{식사},"{lunch,dinner}",http://place.map.kakao.com/1195638621,true
1521056333,우동키노야 합정점,hapjeong,restaurant,서울 마포구 양화로 45,37.5508872321041,126.913346184162,50,{식사},"{lunch,dinner}",http://place.map.kakao.com/1521056333,true
21533768,코코이찌방야 합정역메세나폴리스점,hapjeong,restaurant,서울 마포구 양화로 45,37.5508845091835,126.913319027372,50,{식사},"{lunch,dinner}",http://place.map.kakao.com/21533768,true
19834602,더심플한테이블,hapjeong,restaurant,서울 마포구 양화로 45,37.55085561575743,126.9132353177112,50,{식사},"{lunch,dinner}",http://place.map.kakao.com/19834602,true
1519798653,해담가 합정점,hapjeong,restaurant,서울 마포구 양화로 45,37.550927915524895,126.91353512510241,50,{식사},"{lunch,dinner}",http://place.map.kakao.com/1519798653,true
740144824,뚜레쥬르 합정메세나점,hapjeong,restaurant,서울 마포구 양화로 45,37.5509466746744,126.913314428718,50,{식사},"{lunch,dinner}",http://place.map.kakao.com/740144824,true
20281546,생어거스틴 합정점,hapjeong,restaurant,서울 마포구 양화로 45,37.5509312912214,126.913223913337,50,{식사},"{lunch,dinner}",http://place.map.kakao.com/20281546,true
25951055,퐁포네뜨,hapjeong,restaurant,서울 마포구 양화로 45,37.55073257206334,126.91377186811435,50,{식사},"{lunch,dinner}",http://place.map.kakao.com/25951055,true
447892589,삼청동샤브 합정메세나폴리스점,hapjeong,restaurant,서울 마포구 양화로 45,37.55077041890994,126.91377861448848,50,{식사},"{lunch,dinner}",http://place.map.kakao.com/447892589,true
85455962,애프터나인앤와인,hapjeong,restaurant,서울 마포구 양화로 45,37.5510034001068,126.913263438048,50,{식사},"{lunch,dinner}",http://place.map.kakao.com/85455962,true
1099292603,개성곰탕 합정본점,hapjeong,restaurant,서울 마포구 양화로 45,37.55074611676739,126.91381259234839,50,{식사},"{lunch,dinner}",http://place.map.kakao.com/1099292603,true
987680286,마곡나루돌판함박스테이크,hapjeong,restaurant,서울 마포구 양화로 45,37.5510042595195,126.913206853749,50,{식사},"{lunch,dinner}",http://place.map.kakao.com/987680286,true
1285408176,우담가 합정점,hapjeong,restaurant,서울 마포구 양화로 45,37.55093530307955,126.91378068787877,50,{식사},"{lunch,dinner}",http://place.map.kakao.com/1285408176,true
553173316,서가앤쿡 합정메세나폴리스점,hapjeong,restaurant,서울 마포구 양화로 45,37.55107727273923,126.91325090410197,50,{식사},"{lunch,dinner}",http://place.map.kakao.com/553173316,true
510787487,행복은간장밥 합정점,hapjeong,restaurant,서울 마포구 양화로 45,37.551102471556824,126.91321126653182,50,{식사},"{lunch,dinner}",http://place.map.kakao.com/510787487,true
21536267,크리스피크림도넛 메세나폴리스점,hapjeong,restaurant,서울 마포구 양화로 45,37.55124592612403,126.91347817424364,50,{식사},"{lunch,dinner}",http://place.map.kakao.com/21536267,true
709985658,순대실록 합정메세나폴리스점,hapjeong,restaurant,서울 마포구 양화로 45,37.55125667586129,126.91339328657622,50,{식사},"{lunch,dinner}",http://place.map.kakao.com/709985658,true
1329538121,순남시래기 메세나폴리스점,hapjeong,restaurant,서울 마포구 양화로 45,37.55125194637183,126.91308774119899,50,{식사},"{lunch,dinner}",http://place.map.kakao.com/1329538121,true
894523993,보돌미역 메세나폴리스점,hapjeong,restaurant,서울 마포구 양화로 45,37.5513195153339,126.913079741042,50,{식사},"{lunch,dinner}",http://place.map.kakao.com/894523993,true
1355856113,등촌샤브칼국수 합정점,hapjeong,restaurant,서울 마포구 양화로 45,37.5513384287779,126.913069534037,50,{식사},"{lunch,dinner}",http://place.map.kakao.com/1355856113,true
1923678081,윤초밥 메세나폴리스점,hapjeong,restaurant,서울 마포구 양화로 45,37.5513872083116,126.913240359833,50,{식사},"{lunch,dinner}",http://place.map.kakao.com/1923678081,true
832195540,백리향,hapjeong,restaurant,서울 마포구 양화로 45,37.5514141258742,126.91308755287517,50,{식사},"{lunch,dinner}",http://place.map.kakao.com/832195540,true
21300208,아티제 메세나폴리스점,hapjeong,restaurant,서울 마포구 양화로 45,37.5514012268303,126.91392840020268,50,{식사},"{lunch,dinner}",http://place.map.kakao.com/21300208,true
120713064,청담동순도리 합정동지점,hapjeong,restaurant,서울 마포구 월드컵로1길 14,37.55015685868271,126.91257976881906,50,{식사},"{lunch,dinner}",http://place.map.kakao.com/120713064,true
922397405,감성타코&그릴 합정점,hapjeong,restaurant,서울 마포구 월드컵로3길 14,37.550996429660806,126.91236490336473,50,{식사},"{lunch,dinner}",http://place.map.kakao.com/922397405,true
1411148941,아웃백스테이크하우스 합정점,hapjeong,restaurant,서울 마포구 월드컵로3길 14,37.5509666824709,126.912345699881,50,{식사},"{lunch,dinner}",http://place.map.kakao.com/1411148941,true
1462585562,샤브보트 합정딜라이트점,hapjeong,restaurant,서울 마포구 월드컵로3길 14,37.550981090866046,126.91233549801566,50,{식사},"{lunch,dinner}",http://place.map.kakao.com/1462585562,true
1830046505,텍사스바베큐레스토랑,hapjeong,restaurant,서울 마포구 월드컵로3길 14,37.551017134957576,126.9123411141306,50,{식사},"{lunch,dinner}",http://place.map.kakao.com/1830046505,true
1039475501,봉추찜닭 합정교보문고점,hapjeong,restaurant,서울 마포구 월드컵로3길 14,37.5510351582633,126.912345619688,50,{식사},"{lunch,dinner}",http://place.map.kakao.com/1039475501,true
103203661,크리스피프레시 합정점,hapjeong,restaurant,서울 마포구 월드컵로3길 14,37.551050478577,126.912350128414,50,{식사},"{lunch,dinner}",http://place.map.kakao.com/103203661,true
345830152,꾸아 합정점,hapjeong,restaurant,서울 마포구 양화로 45,37.5515003521918,126.913949788009,50,{식사},"{lunch,dinner}",http://place.map.kakao.com/345830152,true
1180436076,플레플레,hapjeong,restaurant,서울 마포구 양화로 45,37.55150125318899,126.91394978697318,50,{식사},"{lunch,dinner}",http://place.map.kakao.com/1180436076,true
2009037092,담밀,hapjeong,restaurant,서울 마포구 양화로 45,37.55150035219176,126.91394978800905,50,{식사},"{lunch,dinner}",http://place.map.kakao.com/2009037092,true
1982381358,마라입구 합정메세나점,hapjeong,restaurant,서울 마포구 양화로 45,37.5515012531953,126.913949786973,50,{식사},"{lunch,dinner}",http://place.map.kakao.com/1982381358,true
716085233,봄설 합정점,hapjeong,restaurant,서울 마포구 양화로 45,37.551501253189,126.913949786973,50,{식사},"{lunch,dinner}",http://place.map.kakao.com/716085233,true
330230024,포삼팔 메세나폴리스점,hapjeong,restaurant,서울 마포구 양화로 45,37.55156790059323,126.91391349676137,50,{식사},"{lunch,dinner}",http://place.map.kakao.com/330230024,true
963554311,스테이,hapjeong,restaurant,서울 마포구 월드컵로3길 14,37.5510891601004,126.9122674714,50,{식사},"{lunch,dinner}",http://place.map.kakao.com/963554311,true
317966686,을왕리꾸덕집 합정점,hapjeong,restaurant,서울 마포구 월드컵로3길 14,37.551100871389316,126.91226519433718,50,{식사},"{lunch,dinner}",http://place.map.kakao.com/317966686,true
2142099687,합정식,hapjeong,restaurant,서울 마포구 월드컵로3길 14,37.55115043884328,126.91228211125947,50,{식사},"{lunch,dinner}",http://place.map.kakao.com/2142099687,true
1666727968,담솥 합정역점,hapjeong,restaurant,서울 마포구 월드컵로3길 14,37.55107559887901,126.91220524560343,50,{식사},"{lunch,dinner}",http://place.map.kakao.com/1666727968,true
1052145394,어슬렁합정,hapjeong,restaurant,서울 마포구 월드컵로3길 14,37.5509854612775,126.912154426373,50,{식사},"{lunch,dinner}",http://place.map.kakao.com/1052145394,true
1839242568,모모라플라워카페,hapjeong,cafe,서울 마포구 월드컵로3길 14,37.55102525149372,126.9123512896222,50,"{카페,대화}","{cafe,dessert}",http://place.map.kakao.com/1839242568,true
2012558266,커피기업 합정교보문고점,hapjeong,cafe,서울 마포구 월드컵로3길 14,37.5510405692872,126.912352403351,50,"{카페,대화}","{cafe,dessert}",http://place.map.kakao.com/2012558266,true
1896030091,파티스리 까이에,hapjeong,cafe,서울 마포구 월드컵로3길 14,37.55100631962339,126.91233660013333,50,"{카페,대화}","{cafe,dessert}",http://place.map.kakao.com/1896030091,true
953213039,백미당 합정역점,hapjeong,cafe,서울 마포구 양화로 45,37.551501253189,126.913949786973,50,"{카페,대화}","{cafe,dessert}",http://place.map.kakao.com/953213039,true
803828822,갤러리몸&카페24,hapjeong,cafe,서울 마포구 양화로 45,37.55150125318899,126.91394978697318,50,"{카페,대화}","{cafe,dessert}",http://place.map.kakao.com/803828822,true
1749552790,매머드익스프레스 메세나폴리스점,hapjeong,cafe,서울 마포구 양화로 45,37.5515012548448,126.913952050318,50,"{카페,대화}","{cafe,dessert}",http://place.map.kakao.com/1749552790,true
2132676511,스타벅스 합정푸르지오점,hapjeong,cafe,서울 마포구 월드컵로3길 14,37.55101982113818,126.91231847765927,50,"{카페,대화}","{cafe,dessert}",http://place.map.kakao.com/2132676511,true
1512215170,오래커피,hapjeong,cafe,서울 마포구 월드컵로3길 14,37.5510076087865,126.91164854563,50,"{카페,대화}","{cafe,dessert}",http://place.map.kakao.com/1512215170,true
1632748314,릴리플레이트 합정점,hapjeong,cafe,서울 마포구 월드컵로3길 14,37.551009410781,126.911648543503,50,"{카페,대화}","{cafe,dessert}",http://place.map.kakao.com/1632748314,true
1689405530,깊이,hapjeong,cafe,서울 마포구 양화로11길 60,37.55222533576418,126.91351212425398,50,"{카페,대화}","{cafe,dessert}",http://place.map.kakao.com/1689405530,true
1801533510,레드플랜트,hapjeong,cafe,서울 마포구 양화로7길 6,37.5512247392541,126.915323951543,50,"{카페,대화}","{cafe,dessert}",http://place.map.kakao.com/1801533510,true
986841877,카페산티아고,hapjeong,cafe,서울 마포구 양화로7길 6-5,37.55150852416886,126.915282890235,50,"{카페,대화}","{cafe,dessert}",http://place.map.kakao.com/986841877,true
26611450,빌리프커피로스터스,hapjeong,cafe,서울 마포구 양화로11길 50,37.5523374197895,126.914005409928,50,"{카페,대화}","{cafe,dessert}",http://place.map.kakao.com/26611450,true
768367182,올라운드커피,hapjeong,cafe,서울 마포구 양화로7길 30,37.5521090656228,126.914693735434,50,"{카페,대화}","{cafe,dessert}",http://place.map.kakao.com/768367182,true
1970250065,셉트,hapjeong,cafe,서울 마포구 양화로11길 41,37.5522170846389,126.914554415132,50,"{카페,대화}","{cafe,dessert}",http://place.map.kakao.com/1970250065,true
1858175543,합정지튼,hapjeong,cafe,서울 마포구 양화로11길 42,37.5523990196871,126.914462540765,50,"{카페,대화}","{cafe,dessert}",http://place.map.kakao.com/1858175543,true
815598636,카페크레마,hapjeong,cafe,서울 마포구 양화로3길 15,37.5495550705216,126.911475986974,50,"{카페,대화}","{cafe,dessert}",http://place.map.kakao.com/815598636,true
459471697,미유당,hapjeong,cafe,서울 마포구 양화로3길 49,37.5510612114949,126.911039645556,50,"{카페,대화}","{cafe,dessert}",http://place.map.kakao.com/459471697,true
2082554607,밤부베이커리&브루잉 합정,hapjeong,cafe,서울 마포구 월드컵로5길 33-23,37.5506016602478,126.910983608755,50,"{카페,대화}","{cafe,dessert}",http://place.map.kakao.com/2082554607,true
1480728695,콘드,hapjeong,cafe,서울 마포구 월드컵로3길 32,37.5504124337478,126.910961200656,50,"{카페,대화}","{cafe,dessert}",http://place.map.kakao.com/1480728695,true
1843841774,합정티라미수,hapjeong,cafe,서울 마포구 양화로3길 55,37.5513124898859,126.910906941422,50,"{카페,대화}","{cafe,dessert}",http://place.map.kakao.com/1843841774,true
779785264,미진 플로어,hapjeong,culture,서울 마포구 동교로 134,37.5549758734355,126.916987871741,50,"{문화,실내}","{culture,walk}",http://place.map.kakao.com/779785264,true
612589188,아트버디 홍대점,hapjeong,culture,서울 마포구 동교로 134,37.5549794822028,126.916994658095,50,"{문화,실내}","{culture,walk}",http://place.map.kakao.com/612589188,true
623892908,진영수산,hapjeong,restaurant,서울 마포구 토정로 8-7,37.545386400985,126.911811338284,50,{식사},"{lunch,dinner}",http://place.map.kakao.com/623892908,true
318877353,양화진,hapjeong,restaurant,서울 마포구 양화진길 55,37.5461912267789,126.912124973112,50,{식사},"{lunch,dinner}",http://place.map.kakao.com/318877353,true
22461613,빠리쌀롱,hapjeong,restaurant,서울 마포구 토정로 12-7,37.54535083597936,126.9124495916337,50,{식사},"{lunch,dinner}",http://place.map.kakao.com/22461613,true
1212742526,멜드바이기치조지,hapjeong,restaurant,서울 마포구 성지길 55,37.54617017796392,126.91290127060502,50,{식사},"{lunch,dinner}",http://place.map.kakao.com/1212742526,true
360891344,교호,hapjeong,restaurant,서울 마포구 토정로2길 6-9,37.5452132553594,126.912817515549,50,{식사},"{lunch,dinner}",http://place.map.kakao.com/360891344,true
1443073893,청도미나리식당 합정점,hapjeong,restaurant,서울 마포구 성지길 42,37.54683690393991,126.91288352082488,50,{식사},"{lunch,dinner}",http://place.map.kakao.com/1443073893,true
2136694853,마침,hapjeong,restaurant,서울 마포구 성지길 36-20,37.5472755386145,126.912678189007,50,{식사},"{lunch,dinner}",http://place.map.kakao.com/2136694853,true
518237594,이키,hapjeong,restaurant,서울 마포구 성지길 36-20,37.547275538621,126.912678189007,50,{식사},"{lunch,dinner}",http://place.map.kakao.com/518237594,true
14615296,교다이야,hapjeong,restaurant,서울 마포구 성지길 39,37.5468479633888,126.913219594114,50,{식사},"{lunch,dinner}",http://place.map.kakao.com/14615296,true
1064651729,피공일,hapjeong,restaurant,서울 마포구 토정로 27,37.5457339275097,126.913902100539,50,{식사},"{lunch,dinner}",http://place.map.kakao.com/1064651729,true
856953376,옥소반 합정점,hapjeong,restaurant,서울 마포구 성지길 30,37.5474524364205,126.91308762633,50,{식사},"{lunch,dinner}",http://place.map.kakao.com/856953376,true
1820577038,키프,hapjeong,restaurant,서울 마포구 토정로 27,37.545733936578394,126.91391454797973,50,{식사},"{lunch,dinner}",http://place.map.kakao.com/1820577038,true
537483826,화류,hapjeong,restaurant,서울 마포구 성지5길 19,37.5462412520999,126.913987518211,50,{식사},"{lunch,dinner}",http://place.map.kakao.com/537483826,true
204023081,후에잇 마이치즈 합정,hapjeong,restaurant,서울 마포구 토정로3길 5,37.545842145383,126.914036635055,50,{식사},"{lunch,dinner}",http://place.map.kakao.com/204023081,true
1225066470,타인나자신,hapjeong,restaurant,서울 마포구 토정로3길 5,37.545842145383,126.914036635055,50,{식사},"{lunch,dinner}",http://place.map.kakao.com/1225066470,true
1603441157,맹금류,hapjeong,restaurant,서울 마포구 토정로 27-1,37.54573673437722,126.91404467720258,50,{식사},"{lunch,dinner}",http://place.map.kakao.com/1603441157,true
218523102,주문,hapjeong,restaurant,서울 마포구 토정로 27-1,37.5457367343772,126.914044677203,50,{식사},"{lunch,dinner}",http://place.map.kakao.com/218523102,true
15678895,백미향,hapjeong,restaurant,서울 마포구 성지길 27,37.5473382557606,126.913422715649,50,{식사},"{lunch,dinner}",http://place.map.kakao.com/15678895,true
1046613335,백채김치찌개 합정점,hapjeong,restaurant,서울 마포구 성지길 24,37.5475939630046,126.91318251763,50,{식사},"{lunch,dinner}",http://place.map.kakao.com/1046613335,true
725994175,잠두봉더나인,hapjeong,restaurant,서울 마포구 마포나루길 582,37.545082029037395,126.9084769408465,50,{식사},"{lunch,dinner}",http://place.map.kakao.com/725994175,true
94889853,핑크솔트,hapjeong,restaurant,서울 마포구 양화로 16,37.54822582622478,126.91111430765118,50,{식사},"{lunch,dinner}",http://place.map.kakao.com/94889853,true
17982276,라베니스 합정역점,hapjeong,restaurant,서울 마포구 성지길 25-8,37.5472987477792,126.913608345391,50,{식사},"{lunch,dinner}",http://place.map.kakao.com/17982276,true
17781427,각시보쌈,hapjeong,restaurant,서울 마포구 성지길 25,37.5475112672559,126.913449674268,50,{식사},"{lunch,dinner}",http://place.map.kakao.com/17781427,true
636872358,바피벗,hapjeong,restaurant,서울 마포구 토정로3길 10,37.5460711798675,126.914285322183,50,{식사},"{lunch,dinner}",http://place.map.kakao.com/636872358,true
810201050,미필담,hapjeong,restaurant,서울 마포구 성지3길 22,37.5466180322608,126.914211142051,50,{식사},"{lunch,dinner}",http://place.map.kakao.com/810201050,true
1735763688,슈카카오,hapjeong,restaurant,서울 마포구 양화로 26,37.5483103846382,126.912137196539,50,{식사},"{lunch,dinner}",http://place.map.kakao.com/1735763688,true
197591397,슈퍼텅,hapjeong,restaurant,서울 마포구 토정로3길 17,37.54649826279284,126.91429841234918,50,{식사},"{lunch,dinner}",http://place.map.kakao.com/197591397,true
1228237707,지평선,hapjeong,restaurant,서울 마포구 토정로3길 17,37.5464982627928,126.914298412349,50,{식사},"{lunch,dinner}",http://place.map.kakao.com/1228237707,true
1040137440,식선,hapjeong,restaurant,서울 마포구 성지3길 19,37.5468063243915,126.914188294215,50,{식사},"{lunch,dinner}",http://place.map.kakao.com/1040137440,true
1819882715,데빌스바지니코,hapjeong,restaurant,서울 마포구 토정로 28-7,37.545205326409075,126.91429423460065,50,{식사},"{lunch,dinner}",http://place.map.kakao.com/1819882715,true
56839608,칠링미 이탈리안 합정,hapjeong,restaurant,서울 마포구 성지3길 19,37.5467748157727,126.914224541602,50,{식사},"{lunch,dinner}",http://place.map.kakao.com/56839608,true
1922405272,낭만식탁,hapjeong,restaurant,서울 마포구 토정로 31,37.5457063798746,126.91442945129,50,{식사},"{lunch,dinner}",http://place.map.kakao.com/1922405272,true
703825515,백왕냉삼,hapjeong,restaurant,서울 마포구 성지길 18,37.5479895043577,126.913186585366,50,{식사},"{lunch,dinner}",http://place.map.kakao.com/703825515,true
8813278,그리운금강산 치킨&호프,hapjeong,restaurant,서울 마포구 성지길 18,37.547986827982,126.913222800324,50,{식사},"{lunch,dinner}",http://place.map.kakao.com/8813278,true
27495105,구공탄곱창 합정2호점,hapjeong,restaurant,서울 마포구 성지길 18,37.5479904286464,126.913218269668,50,{식사},"{lunch,dinner}",http://place.map.kakao.com/27495105,true
1316039220,합정냉삼고깃집,hapjeong,restaurant,서울 마포구 성지길 18,37.5479949352921,126.913220527685,50,{식사},"{lunch,dinner}",http://place.map.kakao.com/1316039220,true
178225840,제육지존 합정점,hapjeong,restaurant,서울 마포구 성지길 18,37.5479949352921,126.913220527685,50,{식사},"{lunch,dinner}",http://place.map.kakao.com/178225840,true
563859861,아소토,hapjeong,restaurant,서울 마포구 독막로2길 34,37.54713700378772,126.91420602087159,50,{식사},"{lunch,dinner}",http://place.map.kakao.com/563859861,true
925832909,호랑이,hapjeong,restaurant,서울 마포구 성지3길 23,37.5467299169392,126.914432807716,50,{식사},"{lunch,dinner}",http://place.map.kakao.com/925832909,true
1317622013,포그,hapjeong,restaurant,서울 마포구 독막로2길 34,37.547133412121255,126.91422299910181,50,{식사},"{lunch,dinner}",http://place.map.kakao.com/1317622013,true
1147527319,서울브루어리 합정 SEOUL BREWERY,hapjeong,restaurant,서울 마포구 토정로3안길 10,37.5459155580475,126.914631766645,50,{식사},"{lunch,dinner}",http://place.map.kakao.com/1147527319,true
13323566,가제트술집 합정본점,hapjeong,restaurant,서울 마포구 양화진길 5,37.5481130042469,126.913272445436,50,{식사},"{lunch,dinner}",http://place.map.kakao.com/13323566,true
43597068,익스첼 합정본점,hapjeong,restaurant,서울 마포구 토정로 33-1,37.54576604224357,126.91470096394566,50,{식사},"{lunch,dinner}",http://place.map.kakao.com/43597068,true
1023082009,혼술집익순,hapjeong,restaurant,서울 마포구 양화진길 5,37.5482102488021,126.913186329358,50,{식사},"{lunch,dinner}",http://place.map.kakao.com/1023082009,true
262768520,문학살롱 초고,hapjeong,restaurant,서울 마포구 독막로2길 30,37.54727039750167,126.91426923812894,50,{식사},"{lunch,dinner}",http://place.map.kakao.com/262768520,true
1698654467,커넥츠커피,hapjeong,cafe,서울 마포구 성지길 60,37.5460825453471,126.912582263716,50,"{카페,대화}","{cafe,dessert}",http://place.map.kakao.com/1698654467,true
724545163,로맨티코,hapjeong,cafe,서울 마포구 토정로 12-7,37.5453499433705,126.912460908483,50,"{카페,대화}","{cafe,dessert}",http://place.map.kakao.com/724545163,true
1212804119,파스텔커피웍스 본점,hapjeong,cafe,서울 마포구 성지길 58,37.546267272554516,126.91261260105246,50,"{카페,대화}","{cafe,dessert}",http://place.map.kakao.com/1212804119,true
1415603699,코즈모갤러리 합정점,hapjeong,cafe,서울 마포구 토정로 18,37.54547632592768,126.9127889196236,50,"{카페,대화}","{cafe,dessert}",http://place.map.kakao.com/1415603699,true
1644687327,명과정 합정점,hapjeong,cafe,서울 마포구 성지길 57,37.5460809499327,126.912861768713,50,"{카페,대화}","{cafe,dessert}",http://place.map.kakao.com/1644687327,true
15592715,만유인력커피,hapjeong,cafe,서울 마포구 성지길 51,37.5463179900305,126.912966731151,50,"{카페,대화}","{cafe,dessert}",http://place.map.kakao.com/15592715,true
1378015943,하우스오브우물,hapjeong,cafe,서울 마포구 성지길 40,37.5469270579675,126.912956970197,50,"{카페,대화}","{cafe,dessert}",http://place.map.kakao.com/1378015943,true
1385414945,저스티나,hapjeong,cafe,서울 마포구 양화진2길 31,37.5479075325398,126.91079443736,50,"{카페,대화}","{cafe,dessert}",http://place.map.kakao.com/1385414945,true
236610843,카페한,hapjeong,cafe,서울 마포구 성지길 32,37.5473560096591,126.913060579624,50,"{카페,대화}","{cafe,dessert}",http://place.map.kakao.com/236610843,true
27575944,자연,hapjeong,cafe,서울 마포구 양화진길 21,37.547662068358,126.912680001344,50,"{카페,대화}","{cafe,dessert}",http://place.map.kakao.com/27575944,true
34271774,덕희커피,hapjeong,cafe,서울 마포구 성지5길 17,37.54628801326275,126.91386298905914,50,"{카페,대화}","{cafe,dessert}",http://place.map.kakao.com/34271774,true
368533490,블루로그,hapjeong,cafe,서울 마포구 토정로 27-1,37.54573673437077,126.9140446772031,50,"{카페,대화}","{cafe,dessert}",http://place.map.kakao.com/368533490,true
27600650,어나더빈스,hapjeong,cafe,서울 마포구 토정로 27-1,37.545729526385855,126.91404468547923,50,"{카페,대화}","{cafe,dessert}",http://place.map.kakao.com/27600650,true
2040860895,보이드블랭킷,hapjeong,cafe,서울 마포구 토정로3안길 2,37.54593243437671,126.91429679693803,50,"{카페,대화}","{cafe,dessert}",http://place.map.kakao.com/2040860895,true
597855090,핌피,hapjeong,cafe,서울 마포구 토정로3안길 2,37.5459360408394,126.914300187577,50,"{카페,대화}","{cafe,dessert}",http://place.map.kakao.com/597855090,true
1564858588,넉커피,hapjeong,cafe,서울 마포구 성지길 25-20,37.5471818098399,126.913871013467,50,"{카페,대화}","{cafe,dessert}",http://place.map.kakao.com/1564858588,true
1770100857,겟블랙,hapjeong,cafe,서울 마포구 성지3길 22,37.5466180322608,126.914211142051,50,"{카페,대화}","{cafe,dessert}",http://place.map.kakao.com/1770100857,true
760043078,블러,hapjeong,cafe,서울 마포구 토정로 28-10,37.545044882994695,126.91420389220123,50,"{카페,대화}","{cafe,dessert}",http://place.map.kakao.com/760043078,true
1910296426,그레이랩,hapjeong,cafe,서울 마포구 토정로3길 16,37.5462415423896,126.914386970585,50,"{카페,대화}","{cafe,dessert}",http://place.map.kakao.com/1910296426,true
840022791,델핀커피바,hapjeong,cafe,서울 마포구 토정로 31,37.5457207958447,126.914429434811,50,"{카페,대화}","{cafe,dessert}",http://place.map.kakao.com/840022791,true
1333566038,에비뉴,hapjeong,cafe,서울 마포구 성지길 25-24,37.5471945260764,126.914011318288,50,"{카페,대화}","{cafe,dessert}",http://place.map.kakao.com/1333566038,true
67152152,시나몬하우스 합정점,hapjeong,cafe,서울 마포구 토정로3길 19,37.5465820966577,126.914354896335,50,"{카페,대화}","{cafe,dessert}",http://place.map.kakao.com/67152152,true
1746164704,베가본즈커피,hapjeong,cafe,서울 마포구 토정로 28-9,37.5451053369581,126.914323770071,50,"{카페,대화}","{cafe,dessert}",http://place.map.kakao.com/1746164704,true
475357829,사이,hapjeong,cafe,서울 마포구 토정로4길 6-4,37.5452793559209,126.914497834165,50,"{카페,대화}","{cafe,dessert}",http://place.map.kakao.com/475357829,true
2113308585,도란과소란,hapjeong,cafe,서울 마포구 토정로3길 22,37.5465056683993,126.914571119005,50,"{카페,대화}","{cafe,dessert}",http://place.map.kakao.com/2113308585,true
24855092,빈브라더스 합정,hapjeong,cafe,서울 마포구 토정로 35-1,37.54569416640838,126.91498394229322,50,"{카페,대화}","{cafe,dessert}",http://place.map.kakao.com/24855092,true
1367522912,노호마리노,hapjeong,cafe,서울 마포구 토정로3안길 17,37.5460763149399,126.915157773411,50,"{카페,대화}","{cafe,dessert}",http://place.map.kakao.com/1367522912,true
1944434850,원두판다,hapjeong,cafe,서울 마포구 양화로 19,37.54913323039544,126.91124563175939,50,"{카페,대화}","{cafe,dessert}",http://place.map.kakao.com/1944434850,true
1481552078,파이브푸,hapjeong,cafe,서울 마포구 양화로 19,37.54913773708425,126.91124788969135,50,"{카페,대화}","{cafe,dessert}",http://place.map.kakao.com/1481552078,true
487456845,합정카페,hapjeong,cafe,서울 마포구 월드컵로1길 48,37.54922714516424,126.9103322875848,50,"{카페,대화}","{cafe,dessert}",http://place.map.kakao.com/487456845,true
27468441,세미콜론,hapjeong,cafe,서울 마포구 포은로2가길 65,37.549465869099,126.91027881439751,50,"{카페,대화}","{cafe,dessert}",http://place.map.kakao.com/27468441,true
18305813,이디야커피 합정LIG점,hapjeong,cafe,서울 마포구 양화로1길 21,37.5495489017369,126.910464304493,50,"{카페,대화}","{cafe,dessert}",http://place.map.kakao.com/18305813,true
1368922452,로우프,hapjeong,cafe,서울 마포구 포은로 14,37.54936878837715,126.9093962505388,50,"{카페,대화}","{cafe,dessert}",http://place.map.kakao.com/1368922452,true
201923295,올더어글리쿠키&트레몽,hapjeong,cafe,서울 마포구 토정로 45,37.54563179317318,126.91595717611074,50,"{카페,대화}","{cafe,dessert}",http://place.map.kakao.com/201923295,true
2038370145,더치랩,hapjeong,cafe,서울 마포구 월드컵로3길 31-34,37.5497006389913,126.910952994205,50,"{카페,대화}","{cafe,dessert}",http://place.map.kakao.com/2038370145,true
881780944,카페폴리,hapjeong,cafe,서울 마포구 포은로 14,37.5494201139582,126.909355449298,50,"{카페,대화}","{cafe,dessert}",http://place.map.kakao.com/881780944,true
18209956,한국천주교순교자박물관,hapjeong,culture,서울 마포구 토정로 6,37.544290866571124,126.91191899586276,50,"{문화,실내}","{culture,walk}",http://place.map.kakao.com/18209956,true
844686717,차고라 Chagora,hapjeong,culture,서울 마포구 토정로4길 40-4,37.5441882330757,126.91447984374648,50,"{문화,실내}","{culture,walk}",http://place.map.kakao.com/844686717,true
17556503,선유도공원 온실,hapjeong,attraction,서울 영등포구 선유로 343,37.5426408444073,126.902379795226,50,"{구경,산책}","{walk,culture}",http://place.map.kakao.com/17556503,true
795365863,소코 연남동점,yeonnam,restaurant,서울 마포구 성미산로28길 41,37.5622451544269,126.92372215469,50,{식사},"{lunch,dinner}",http://place.map.kakao.com/795365863,true
152927344,솔트빵,yeonnam,restaurant,서울 마포구 동교로39길 10,37.562161387397,126.923761854314,50,{식사},"{lunch,dinner}",http://place.map.kakao.com/152927344,true
676478823,멜로우아워 베이킹 스튜디오,yeonnam,restaurant,서울 마포구 동교로39길 4-6,37.5624462341839,126.923966426948,50,{식사},"{lunch,dinner}",http://place.map.kakao.com/676478823,true
445178813,시부야타코야키,yeonnam,restaurant,서울 마포구 동교로39길 4,37.562316549795476,126.9240582375578,50,{식사},"{lunch,dinner}",http://place.map.kakao.com/445178813,true
25068886,청춘물약,yeonnam,restaurant,서울 마포구 동교로39길 4,37.56229222946053,126.92406844877554,50,{식사},"{lunch,dinner}",http://place.map.kakao.com/25068886,true
1614982616,문식빵,yeonnam,restaurant,서울 마포구 동교로39길 4-8,37.5625218667728,126.923887121262,50,{식사},"{lunch,dinner}",http://place.map.kakao.com/1614982616,true
680686153,코코리코,yeonnam,restaurant,서울 마포구 동교로39길 4,37.56230576404752,126.92409899464018,50,{식사},"{lunch,dinner}",http://place.map.kakao.com/680686153,true
1790295851,곤로 야끼니꾸,yeonnam,restaurant,서울 마포구 동교로39길 9,37.56206145792465,126.92388758964425,50,{식사},"{lunch,dinner}",http://place.map.kakao.com/1790295851,true
424496137,르봉블레,yeonnam,restaurant,서울 마포구 성미산로26길 43,37.562082000273854,126.92360800582703,50,{식사},"{lunch,dinner}",http://place.map.kakao.com/424496137,true
1484560093,리옥,yeonnam,restaurant,서울 마포구 동교로39길 7,37.5621075085665,126.924042604064,50,{식사},"{lunch,dinner}",http://place.map.kakao.com/1484560093,true
99001204,야끼토리 고꼬연남,yeonnam,restaurant,서울 마포구 성미산로26길 41,37.5621972353783,126.923465276903,50,{식사},"{lunch,dinner}",http://place.map.kakao.com/99001204,true
19313939,봉쥬르밥상,yeonnam,restaurant,서울 마포구 성미산로26길 37,37.56229361330608,126.92342103667417,50,{식사},"{lunch,dinner}",http://place.map.kakao.com/19313939,true
1671142421,연희기획,yeonnam,restaurant,서울 마포구 동교로41길 3,37.5625084953756,126.924110107372,50,{식사},"{lunch,dinner}",http://place.map.kakao.com/1671142421,true
2012235509,누구나홀딱반한닭 연남점,yeonnam,restaurant,서울 마포구 동교로 249,37.5621787759988,126.924180615599,50,{식사},"{lunch,dinner}",http://place.map.kakao.com/2012235509,true
1012940590,서대문양꼬치BAR,yeonnam,restaurant,서울 마포구 동교로 251,37.56238962064615,126.92419851134203,50,{식사},"{lunch,dinner}",http://place.map.kakao.com/1012940590,true
378735900,카마 연남점,yeonnam,restaurant,서울 마포구 동교로41길 3,37.56251210299,126.924115762914,50,{식사},"{lunch,dinner}",http://place.map.kakao.com/378735900,true
13096494,서대문양꼬치 본점,yeonnam,restaurant,서울 마포구 동교로 249,37.5621904976658,126.924194185744,50,{식사},"{lunch,dinner}",http://place.map.kakao.com/13096494,true
19153109,소풍김밥,yeonnam,restaurant,서울 마포구 동교로 251,37.5623995345065,126.924203028652,50,{식사},"{lunch,dinner}",http://place.map.kakao.com/19153109,true
166224698,샤오마라,yeonnam,restaurant,서울 마포구 동교로 251,37.5624013364918,126.924203026826,50,{식사},"{lunch,dinner}",http://place.map.kakao.com/166224698,true
1507241149,보따리제과점,yeonnam,restaurant,서울 마포구 동교로 251,37.56238695542504,126.9242573696343,50,{식사},"{lunch,dinner}",http://place.map.kakao.com/1507241149,true
1649765943,랜디스도넛 연남점,yeonnam,restaurant,서울 마포구 동교로 247,37.562021063917,126.924121920119,50,{식사},"{lunch,dinner}",http://place.map.kakao.com/1649765943,true
18618051,옥타,yeonnam,restaurant,서울 마포구 성미산로26길 42,37.56194941601004,126.9233953568468,50,{식사},"{lunch,dinner}",http://place.map.kakao.com/18618051,true
223022276,랫댓 연남점,yeonnam,restaurant,서울 마포구 동교로 243-4,37.5619183794769,126.92416729750686,50,{식사},"{lunch,dinner}",http://place.map.kakao.com/223022276,true
531515029,보울스 포케샐러드 연남점,yeonnam,restaurant,서울 마포구 성미산로26길 33,37.56249172065699,126.9232487942393,50,{식사},"{lunch,dinner}",http://place.map.kakao.com/531515029,true
1136324537,마스타하이볼 연남점,yeonnam,restaurant,서울 마포구 동교로 243-4,37.5619210904543,126.924179744903,50,{식사},"{lunch,dinner}",http://place.map.kakao.com/1136324537,true
556349569,백스트리트피자,yeonnam,restaurant,서울 마포구 동교로 245,37.56183721345117,126.92404853762605,50,{식사},"{lunch,dinner}",http://place.map.kakao.com/556349569,true
663398130,송가네감자탕,yeonnam,restaurant,서울 마포구 동교로 245,37.5618192051882,126.924066665182,50,{식사},"{lunch,dinner}",http://place.map.kakao.com/663398130,true
18508328,야끼토리지중,yeonnam,restaurant,서울 마포구 동교로29길 32,37.5619340270667,126.923284453122,50,{식사},"{lunch,dinner}",http://place.map.kakao.com/18508328,true
2143122274,낭풍,yeonnam,restaurant,서울 마포구 동교로 253,37.562579855584,126.924392995291,50,{식사},"{lunch,dinner}",http://place.map.kakao.com/2143122274,true
1439737429,크림하우스아이스크림파티세리,yeonnam,restaurant,서울 마포구 동교로29길 38,37.562144728267,126.923081638677,50,{식사},"{lunch,dinner}",http://place.map.kakao.com/1439737429,true
26324554,줜막걸리아노,yeonnam,restaurant,서울 마포구 동교로 248-2,37.5621258405978,126.924529274222,50,{식사},"{lunch,dinner}",http://place.map.kakao.com/26324554,true
237495919,크리멜트,yeonnam,restaurant,서울 마포구 동교로 248-2,37.5621249482832,126.924542857135,50,{식사},"{lunch,dinner}",http://place.map.kakao.com/237495919,true
815116318,테판클럽,yeonnam,restaurant,서울 마포구 동교로 243,37.5617219361976,126.924126750797,50,{식사},"{lunch,dinner}",http://place.map.kakao.com/815116318,true
176930828,발리문,yeonnam,restaurant,서울 마포구 동교로 248-1,37.5620249290629,126.924529376015,50,{식사},"{lunch,dinner}",http://place.map.kakao.com/176930828,true
1869200212,연남복돼지,yeonnam,restaurant,서울 마포구 동교로 248-1,37.5620249290629,126.924529376015,50,{식사},"{lunch,dinner}",http://place.map.kakao.com/1869200212,true
1276561183,그동네떡볶이 연남점,yeonnam,restaurant,서울 마포구 동교로 243,37.561710226887584,126.92413242181169,50,{식사},"{lunch,dinner}",http://place.map.kakao.com/1276561183,true
270292669,이억만껍데기,yeonnam,restaurant,서울 마포구 동교로 255,37.5626772326585,126.924501553783,50,{식사},"{lunch,dinner}",http://place.map.kakao.com/270292669,true
397183063,벨라쿠키 연남,yeonnam,restaurant,서울 마포구 동교로 248,37.5619330231437,126.924522677734,50,{식사},"{lunch,dinner}",http://place.map.kakao.com/397183063,true
1683090567,테라다식당 연남점,yeonnam,restaurant,서울 마포구 동교로 248,37.561927614268,126.924518155866,50,{식사},"{lunch,dinner}",http://place.map.kakao.com/1683090567,true
2085609885,돈조세,yeonnam,restaurant,서울 마포구 동교로 254,37.56243225147204,126.92464214903197,50,{식사},"{lunch,dinner}",http://place.map.kakao.com/2085609885,true
362109683,살롱드민,yeonnam,restaurant,서울 마포구 동교로 254,37.5624421624258,126.924642139049,50,{식사},"{lunch,dinner}",http://place.map.kakao.com/362109683,true
1680017943,토오리,yeonnam,restaurant,서울 마포구 동교로38안길 7,37.5621863034424,126.924679747322,50,{식사},"{lunch,dinner}",http://place.map.kakao.com/1680017943,true
1371234404,서울혼술바 제주아홉 홍대점,yeonnam,restaurant,서울 마포구 동교로38안길 7,37.562182699459086,126.9246797509504,50,{식사},"{lunch,dinner}",http://place.map.kakao.com/1371234404,true
1648777283,고도서울혼술바 홍대점,yeonnam,restaurant,서울 마포구 동교로38안길 11,37.5623881561013,126.924725949482,50,{식사},"{lunch,dinner}",http://place.map.kakao.com/1648777283,true
14822702,월강부산돼지국밥,yeonnam,restaurant,서울 마포구 동교로 241-1,37.5615993978453,126.924122347757,50,{식사},"{lunch,dinner}",http://place.map.kakao.com/14822702,true
727239043,코이크,yeonnam,cafe,서울 마포구 동교로39길 8,37.5622479691671,126.923895322758,50,"{카페,대화}","{cafe,dessert}",http://place.map.kakao.com/727239043,true
1032083904,금수연남,yeonnam,cafe,서울 마포구 동교로39길 7,37.562110211553986,126.92404260132027,50,"{카페,대화}","{cafe,dessert}",http://place.map.kakao.com/1032083904,true
2133745694,파네트 연남점,yeonnam,cafe,서울 마포구 동교로41길 3,37.56251210299,126.924115762914,50,"{카페,대화}","{cafe,dessert}",http://place.map.kakao.com/2133745694,true
839806512,보나바시움 연남점,yeonnam,cafe,서울 마포구 동교로 247,37.56202018183,126.924151348665,50,"{카페,대화}","{cafe,dessert}",http://place.map.kakao.com/839806512,true
817132826,솝커피,yeonnam,cafe,서울 마포구 동교로39길 4-13,37.5627020958367,126.923933343474,50,"{카페,대화}","{cafe,dessert}",http://place.map.kakao.com/817132826,true
1050476054,오랑제뜨22,yeonnam,cafe,서울 마포구 동교로29길 32,37.5619313181892,126.923275401249,50,"{카페,대화}","{cafe,dessert}",http://place.map.kakao.com/1050476054,true
2085610727,타입253,yeonnam,cafe,서울 마포구 동교로 253,37.5625987801128,126.924398635375,50,"{카페,대화}","{cafe,dessert}",http://place.map.kakao.com/2085610727,true
237307227,아벡쉐리더파크 연남점,yeonnam,cafe,서울 마포구 동교로29길 34,37.5620528775534,126.9231598296,50,"{카페,대화}","{cafe,dessert}",http://place.map.kakao.com/237307227,true
1281306076,로즈베리모어,yeonnam,cafe,서울 마포구 동교로41길 4,37.56269603472413,126.92431591256147,50,"{카페,대화}","{cafe,dessert}",http://place.map.kakao.com/1281306076,true
1313480450,빽다방 연남센트럴점,yeonnam,cafe,서울 마포구 동교로 252,37.5623628307013,126.924573176841,50,"{카페,대화}","{cafe,dessert}",http://place.map.kakao.com/1313480450,true
50639696,미로베이크앤커피샵,yeonnam,cafe,서울 마포구 동교로 252,37.5623628307075,126.924573176841,50,"{카페,대화}","{cafe,dessert}",http://place.map.kakao.com/50639696,true
1533550306,보따리상인회,yeonnam,cafe,서울 마포구 동교로41길 10,37.5628734277387,126.924155011026,50,"{카페,대화}","{cafe,dessert}",http://place.map.kakao.com/1533550306,true
1136933030,티아이지디,yeonnam,cafe,서울 마포구 동교로29길 40,37.5622419612825,126.922967223268,50,"{카페,대화}","{cafe,dessert}",http://place.map.kakao.com/1136933030,true
15242273,추억속으로,yeonnam,cafe,서울 마포구 동교로 254,37.5624394507685,126.924628559711,50,"{카페,대화}","{cafe,dessert}",http://place.map.kakao.com/15242273,true
822622554,레정스,yeonnam,cafe,서울 마포구 동교로 248,37.5619330231375,126.924522677735,50,"{카페,대화}","{cafe,dessert}",http://place.map.kakao.com/822622554,true
27139458,하프노트,yeonnam,cafe,서울 마포구 성미산로28길 25,37.5628565996465,126.923211069022,50,"{카페,대화}","{cafe,dessert}",http://place.map.kakao.com/27139458,true
1269050664,동동 찻집,yeonnam,cafe,서울 마포구 동교로38안길 11,37.5623881561013,126.924725949482,50,"{카페,대화}","{cafe,dessert}",http://place.map.kakao.com/1269050664,true
1098500056,츄레리아산로만 연남,yeonnam,cafe,서울 마포구 동교로29길 42,37.5624094807353,126.922866317148,50,"{카페,대화}","{cafe,dessert}",http://place.map.kakao.com/1098500056,true
1886525818,코코시에나,yeonnam,cafe,서울 마포구 동교로 255-1,37.56274756385681,126.92458523924797,50,"{카페,대화}","{cafe,dessert}",http://place.map.kakao.com/1886525818,true
376783121,라헬의부엌 연남점,yeonnam,cafe,서울 마포구 동교로38길 5,37.5618348738885,126.924615586804,50,"{카페,대화}","{cafe,dessert}",http://place.map.kakao.com/376783121,true
1862137347,아이엠푸르트 연남동과일가게,yeonnam,cafe,서울 마포구 동교로41길 14,37.56308416903133,126.92401218442888,50,"{카페,대화}","{cafe,dessert}",http://place.map.kakao.com/1862137347,true
1235428499,에이콘팬트리,yeonnam,cafe,서울 마포구 동교로38길 7,37.5619124360763,126.924735482754,50,"{카페,대화}","{cafe,dessert}",http://place.map.kakao.com/1235428499,true
1006336963,웅기로,yeonnam,cafe,서울 마포구 성미산로26길 26,37.5627004816439,126.922834325528,50,"{카페,대화}","{cafe,dessert}",http://place.map.kakao.com/1006336963,true
633345241,어니스트팬케이크,yeonnam,cafe,서울 마포구 동교로38안길 13,37.5623747608097,126.924913848087,50,"{카페,대화}","{cafe,dessert}",http://place.map.kakao.com/633345241,true
805171541,연남동벚꽃집,yeonnam,cafe,서울 마포구 동교로29길 50,37.562624720268886,126.92271556027116,50,"{카페,대화}","{cafe,dessert}",http://place.map.kakao.com/805171541,true
1007372949,오랑지,yeonnam,cafe,서울 마포구 동교로38길 13,37.56205406384277,126.92500471659744,50,"{카페,대화}","{cafe,dessert}",http://place.map.kakao.com/1007372949,true
1095923524,팽페르뒤,yeonnam,cafe,서울 마포구 동교로38길 12,37.56191259166546,126.92497995812084,50,"{카페,대화}","{cafe,dessert}",http://place.map.kakao.com/1095923524,true
1962014582,루치펠 연남,yeonnam,cafe,서울 마포구 동교로 242-5,37.561506953994865,126.92468269487736,50,"{카페,대화}","{cafe,dessert}",http://place.map.kakao.com/1962014582,true
1888757922,수쿤,yeonnam,cafe,서울 마포구 동교로45길 15,37.5633312011201,126.92425980923753,50,"{카페,대화}","{cafe,dessert}",http://place.map.kakao.com/1888757922,true
1761156720,유니르,yeonnam,cafe,서울 마포구 동교로 256-10,37.56244159977085,126.92517410400683,50,"{카페,대화}","{cafe,dessert}",http://place.map.kakao.com/1761156720,true
499278631,믜요,yeonnam,cafe,서울 마포구 동교로 256-10,37.5624416069436,126.925185422391,50,"{카페,대화}","{cafe,dessert}",http://place.map.kakao.com/499278631,true
38787979,홈즈앤루팡 연남점,yeonnam,cafe,서울 마포구 동교로38안길 24,37.5621469970776,126.925210617354,50,"{카페,대화}","{cafe,dessert}",http://place.map.kakao.com/38787979,true
987265580,카페 드 래빗,yeonnam,cafe,서울 마포구 동교로29길 10,37.5611073200352,126.923914592108,50,"{카페,대화}","{cafe,dessert}",http://place.map.kakao.com/987265580,true
403573387,미요로스터리,yeonnam,cafe,서울 마포구 동교로46길 10,37.5625398892952,126.925301903695,50,"{카페,대화}","{cafe,dessert}",http://place.map.kakao.com/403573387,true
731546419,팥쉐,yeonnam,cafe,서울 마포구 동교로 260,37.5628740648213,126.925153298261,50,"{카페,대화}","{cafe,dessert}",http://place.map.kakao.com/731546419,true
2135760354,사이드테이블,yeonnam,cafe,서울 마포구 동교로47길 3,37.56320725207681,126.92486773855138,50,"{카페,대화}","{cafe,dessert}",http://place.map.kakao.com/2135760354,true
700071999,블루보틀 연남 카페,yeonnam,cafe,서울 마포구 성미산로32길 52,37.5629308397748,126.922381349327,50,"{카페,대화}","{cafe,dessert}",http://place.map.kakao.com/700071999,true
118496545,우아연남 구슬아이스크림&카페어테이블 커피디저트,yeonnam,cafe,서울 마포구 동교로 238,37.56107611012281,126.9244205467007,50,"{카페,대화}","{cafe,dessert}",http://place.map.kakao.com/118496545,true
549944114,담다,yeonnam,cafe,서울 마포구 동교로46길 12,37.56244628730862,126.92546271831593,50,"{카페,대화}","{cafe,dessert}",http://place.map.kakao.com/549944114,true
2002365427,쿄이,yeonnam,cafe,서울 마포구 동교로 262,37.562973236736,126.925251669752,50,"{카페,대화}","{cafe,dessert}",http://place.map.kakao.com/2002365427,true
11553130,커피 리브레 연남점,yeonnam,cafe,서울 마포구 성미산로32길 20-5,37.56364350559978,126.92372978384485,50,"{카페,대화}","{cafe,dessert}",http://place.map.kakao.com/11553130,true
706343114,할리스 연트럴파크점,yeonnam,cafe,서울 마포구 동교로 233,37.5609596273903,126.924024528518,50,"{카페,대화}","{cafe,dessert}",http://place.map.kakao.com/706343114,true
1507559838,바모스커피,yeonnam,cafe,서울 마포구 동교로46길 14,37.5623462946333,126.925491113877,50,"{카페,대화}","{cafe,dessert}",http://place.map.kakao.com/1507559838,true
1516892612,댕과댕빵,yeonnam,cafe,서울 마포구 동교로 262-4,37.5629111095807,126.925317378904,50,"{카페,대화}","{cafe,dessert}",http://place.map.kakao.com/1516892612,true
1631463749,일련 로스터스,yeonnam,cafe,서울 마포구 동교로 262,37.5629912781495,126.925285607149,50,"{카페,대화}","{cafe,dessert}",http://place.map.kakao.com/1631463749,true
1686035596,내츄럴리뮤직 홍대연트럴파크점,yeonnam,culture,서울 마포구 동교로 262,37.5629732374588,126.925252801598,50,"{문화,실내}","{culture,walk}",http://place.map.kakao.com/1686035596,true
1691390087,스몰타운스몰,yeonnam,culture,서울 마포구 동교로38길 19,37.562039040767175,126.92546878320326,50,"{문화,실내}","{culture,walk}",http://place.map.kakao.com/1691390087,true
966340363,배드보스아트플레이스,yeonnam,culture,서울 마포구 동교로45길 23,37.563776133681,126.924011481602,50,"{문화,실내}","{culture,walk}",http://place.map.kakao.com/966340363,true
1579633771,메타포갤러리,yeonnam,culture,서울 마포구 동교로38길 27-4,37.5616508955088,126.92576118127,50,"{문화,실내}","{culture,walk}",http://place.map.kakao.com/1579633771,true
1021342772,공간41,yeonnam,culture,서울 마포구 동교로41길 41,37.5639231866861,126.922915690273,50,"{문화,실내}","{culture,walk}",http://place.map.kakao.com/1021342772,true
334025645,피아니스트의방,yeonnam,culture,서울 마포구 연남로 42,37.5630870601534,126.921544750935,50,"{문화,실내}","{culture,walk}",http://place.map.kakao.com/334025645,true
1373790448,뉴스뮤지엄 연남점,yeonnam,culture,서울 마포구 성미산로 151-1,37.564503622495074,126.92321390596551,50,"{문화,실내}","{culture,walk}",http://place.map.kakao.com/1373790448,true
1482047442,어나더스타일,yeonnam,culture,서울 마포구 성미산로 151-1,37.5645072257469,126.923212770396,50,"{문화,실내}","{culture,walk}",http://place.map.kakao.com/1482047442,true
667878863,연남스페이스,yeonnam,culture,서울 마포구 성미산로22길 16,37.5621594869202,126.920873413728,50,"{문화,실내}","{culture,walk}",http://place.map.kakao.com/667878863,true
24063521,채널1969,yeonnam,culture,서울 마포구 연희로 35,37.5618967594842,126.927033115238,50,"{문화,실내}","{culture,walk}",http://place.map.kakao.com/24063521,true
1115772275,연남장,yeonnam,culture,서울 서대문구 연희로5길 22,37.564329788073,126.927583093706,50,"{문화,실내}","{culture,walk}",http://place.map.kakao.com/1115772275,true
760511540,베르제갤러리 연남지점,yeonnam,culture,서울 마포구 동교로51길 81-6,37.565933850139615,126.92236691463677,50,"{문화,실내}","{culture,walk}",http://place.map.kakao.com/760511540,true
25478184,류아트센터,yeonnam,culture,서울 서대문구 성산로 281,37.5668847765719,126.921572461423,50,"{문화,실내}","{culture,walk}",http://place.map.kakao.com/25478184,true
1848264639,연희예술극장,yeonnam,culture,서울 서대문구 연희맛로 2-3,37.565633222642724,126.9285586508086,50,"{문화,실내}","{culture,walk}",http://place.map.kakao.com/1848264639,true
2132033597,무소속컴퍼니 무소속연구소,yeonnam,culture,서울 서대문구 연희로 77-12,37.5654091077212,126.928944837298,50,"{문화,실내}","{culture,walk}",http://place.map.kakao.com/2132033597,true
12056545,니퍼클럽,yeonnam,culture,서울 서대문구 연희로 81-21,37.5658298752953,126.928948965198,50,"{문화,실내}","{culture,walk}",http://place.map.kakao.com/12056545,true
371852048,전시장,yeonnam,culture,서울 마포구 성미산로17길 68,37.5644592328589,126.917513856108,50,"{문화,실내}","{culture,walk}",http://place.map.kakao.com/371852048,true
416345529,뉴스뮤지엄 연희점,yeonnam,culture,서울 서대문구 연희로11가길 48-10,37.5669732236782,126.92744244197,50,"{문화,실내}","{culture,walk}",http://place.map.kakao.com/416345529,true
701066755,아트힐 연희,yeonnam,culture,서울 서대문구 연희로11다길 15,37.5673092217585,126.927323265218,50,"{문화,실내}","{culture,walk}",http://place.map.kakao.com/701066755,true
7839293,동서의약박물관,yeonnam,culture,서울 서대문구 성산로 365-14,37.5647099453039,126.930475794313,50,"{문화,실내}","{culture,walk}",http://place.map.kakao.com/7839293,true
1316783579,아이아이 연희,yeonnam,culture,서울 서대문구 연희로11가길 48-24,37.5675145314164,126.927132903873,50,"{문화,실내}","{culture,walk}",http://place.map.kakao.com/1316783579,true
422848204,아이아이 연남,yeonnam,culture,서울 마포구 연남로 86,37.5665557790488,126.918710227857,50,"{문화,실내}","{culture,walk}",http://place.map.kakao.com/422848204,true
1946146826,소녀전선2망명갤러리,yeonnam,culture,서울 서대문구 연희로11가길 32,37.5670619407693,126.928128292805,50,"{문화,실내}","{culture,walk}",http://place.map.kakao.com/1946146826,true
1043190404,고원 연희,yeonnam,culture,서울 서대문구 연희로11다길 39,37.5677944570458,126.926674203535,50,"{문화,실내}","{culture,walk}",http://place.map.kakao.com/1043190404,true
469122552,오온,yeonnam,culture,서울 마포구 성미산로11길 25,37.56173727688495,126.9161688494707,50,"{문화,실내}","{culture,walk}",http://place.map.kakao.com/469122552,true
718799684,히세드예스,yeonnam,restaurant,서울 마포구 동교로34길 21,37.5608398708337,126.92555825931,50,{식사},"{lunch,dinner}",http://place.map.kakao.com/718799684,true
1975065051,국숯집,yeonnam,restaurant,서울 마포구 동교로34길 21,37.560838969124,126.925557128392,50,{식사},"{lunch,dinner}",http://place.map.kakao.com/1975065051,true
432903250,라멘롱시즌,yeonnam,restaurant,서울 마포구 동교로34길 21,37.5608542931865,126.925568431297,50,{식사},"{lunch,dinner}",http://place.map.kakao.com/432903250,true
1963942486,리틀빅토리,yeonnam,restaurant,서울 마포구 연희로1길 41,37.56078412311108,126.92573940502521,50,{식사},"{lunch,dinner}",http://place.map.kakao.com/1963942486,true
1003983004,산카이메,yeonnam,restaurant,서울 마포구 동교로38길 42-5,37.5609390039365,126.925595510621,50,{식사},"{lunch,dinner}",http://place.map.kakao.com/1003983004,true
1069624776,아뜨뜨,yeonnam,restaurant,서울 마포구 동교로38길 42-5,37.5609408052216,126.925594377012,50,{식사},"{lunch,dinner}",http://place.map.kakao.com/1069624776,true
2036858666,서양면옥 연남,yeonnam,restaurant,서울 마포구 연희로1길 43,37.560940887888,126.925725667636,50,{식사},"{lunch,dinner}",http://place.map.kakao.com/2036858666,true
1988523643,카츠몬스터 연남본점,yeonnam,restaurant,서울 마포구 동교로38길 42-6,37.5610569923218,126.925528616015,50,{식사},"{lunch,dinner}",http://place.map.kakao.com/1988523643,true
1670935024,쿤댕,yeonnam,restaurant,서울 마포구 동교로38길 42-6,37.5610569923218,126.925528616015,50,{식사},"{lunch,dinner}",http://place.map.kakao.com/1670935024,true
2014637475,덴 연남점,yeonnam,restaurant,서울 마포구 동교로38길 42-6,37.5610569923218,126.925528616015,50,{식사},"{lunch,dinner}",http://place.map.kakao.com/2014637475,true
1663383744,스프카레 카무이,yeonnam,restaurant,서울 마포구 동교로38길 42,37.5610561826104,126.925673489547,50,{식사},"{lunch,dinner}",http://place.map.kakao.com/1663383744,true
1689615887,연어롭다,yeonnam,restaurant,서울 마포구 동교로38길 42,37.5610561840416,126.925675753182,50,{식사},"{lunch,dinner}",http://place.map.kakao.com/1689615887,true
1566558458,무채색,yeonnam,restaurant,서울 마포구 연희로1길 38,37.56058144382453,126.92581091027769,50,{식사},"{lunch,dinner}",http://place.map.kakao.com/1566558458,true
1780943629,유채색,yeonnam,restaurant,서울 마포구 연희로1길 38,37.5605814438183,126.925810910278,50,{식사},"{lunch,dinner}",http://place.map.kakao.com/1780943629,true
290272913,일체마부시,yeonnam,restaurant,서울 마포구 동교로32길 19,37.560588376465766,126.92537402431932,50,{식사},"{lunch,dinner}",http://place.map.kakao.com/290272913,true
369363640,카츠요,yeonnam,restaurant,서울 마포구 동교로34길 17,37.5609550353409,126.925300090534,50,{식사},"{lunch,dinner}",http://place.map.kakao.com/369363640,true
1440836463,니꾸킹버거,yeonnam,restaurant,서울 마포구 동교로34길 17,37.5609550353409,126.925300090534,50,{식사},"{lunch,dinner}",http://place.map.kakao.com/1440836463,true
32036120,바결,yeonnam,restaurant,서울 마포구 동교로34길 17,37.5609478216435,126.925291043203,50,{식사},"{lunch,dinner}",http://place.map.kakao.com/32036120,true
1454117056,신센라멘 연남점,yeonnam,restaurant,서울 마포구 동교로34길 17,37.560963144299,126.925300082438,50,{식사},"{lunch,dinner}",http://place.map.kakao.com/1454117056,true
2021981075,카에식탁,yeonnam,restaurant,서울 마포구 연희로1길 46,37.56085003798908,126.9259657026153,50,{식사},"{lunch,dinner}",http://place.map.kakao.com/2021981075,true
1232449233,연남취향,yeonnam,restaurant,서울 마포구 연희로1길 36,37.5604651591085,126.925721612649,50,{식사},"{lunch,dinner}",http://place.map.kakao.com/1232449233,true
399698120,스미비 숯불구이,yeonnam,restaurant,서울 마포구 연희로1길 36,37.5604660679303,126.925734061649,50,{식사},"{lunch,dinner}",http://place.map.kakao.com/399698120,true
1265675335,우아하게 연남,yeonnam,restaurant,서울 마포구 연희로1길 45,37.561048230143,126.925922497419,50,{식사},"{lunch,dinner}",http://place.map.kakao.com/1265675335,true
1902019186,본가집 춘천닭갈비 연남점,yeonnam,restaurant,서울 마포구 연희로1길 40-3,37.56070051803321,126.92603828658248,50,{식사},"{lunch,dinner}",http://place.map.kakao.com/1902019186,true
1289055675,오차야 연남점,yeonnam,restaurant,서울 마포구 동교로38길 38,37.5611814060915,126.925649596928,50,{식사},"{lunch,dinner}",http://place.map.kakao.com/1289055675,true
2041789191,샤브라운지,yeonnam,restaurant,서울 마포구 동교로36길 18,37.5611352631741,126.925345183371,50,{식사},"{lunch,dinner}",http://place.map.kakao.com/2041789191,true
1825786497,수푸렁,yeonnam,restaurant,서울 마포구 동교로36길 18,37.5611451863011,126.925364414401,50,{식사},"{lunch,dinner}",http://place.map.kakao.com/1825786497,true
561283453,서담헌,yeonnam,restaurant,서울 마포구 연희로1길 40-3,37.560721271420725,126.92608693403132,50,{식사},"{lunch,dinner}",http://place.map.kakao.com/561283453,true
1572999426,연남 잠수함,yeonnam,restaurant,서울 마포구 동교로38길 41,37.5611265954823,126.925888465255,50,{식사},"{lunch,dinner}",http://place.map.kakao.com/1572999426,true
239301691,연남해장국 1호점,yeonnam,restaurant,서울 마포구 연희로1길 46-1,37.560827599585025,126.92610380621423,50,{식사},"{lunch,dinner}",http://place.map.kakao.com/239301691,true
1333610273,술비 연남,yeonnam,restaurant,서울 마포구 동교로34길 14,37.5608738130286,126.925090785774,50,{식사},"{lunch,dinner}",http://place.map.kakao.com/1333610273,true
694481458,미야자키상점,yeonnam,restaurant,서울 마포구 연희로1길 29,37.56032037016588,126.92543767281781,50,{식사},"{lunch,dinner}",http://place.map.kakao.com/694481458,true
1716507606,우삼집,yeonnam,restaurant,서울 마포구 동교로34길 11,37.561038650759,126.92502044803,50,{식사},"{lunch,dinner}",http://place.map.kakao.com/1716507606,true
27416274,진가,yeonnam,restaurant,서울 마포구 동교로34길 12,37.5609007573855,126.924956072714,50,{식사},"{lunch,dinner}",http://place.map.kakao.com/27416274,true
619742100,제일 연남,yeonnam,restaurant,서울 마포구 연희로1길 51,37.5611582509699,126.926080843252,50,{식사},"{lunch,dinner}",http://place.map.kakao.com/619742100,true
284982691,왓에버타코,yeonnam,restaurant,서울 마포구 연희로1길 51,37.5611672616387,126.926081966169,50,{식사},"{lunch,dinner}",http://place.map.kakao.com/284982691,true
1506623283,솔솥 연남점,yeonnam,restaurant,서울 마포구 동교로38길 35,37.5613067449312,126.92580905927265,50,{식사},"{lunch,dinner}",http://place.map.kakao.com/1506623283,true
760859476,카시,yeonnam,restaurant,서울 마포구 동교로34길 12,37.56090975583422,126.92493795463363,50,{식사},"{lunch,dinner}",http://place.map.kakao.com/760859476,true
211559079,야반도주 연남점,yeonnam,restaurant,서울 마포구 연희로1길 45-4,37.5612347860016,126.926001540176,50,{식사},"{lunch,dinner}",http://place.map.kakao.com/211559079,true
1660171908,청월당 연남점,yeonnam,restaurant,서울 마포구 연희로1길 45-4,37.5612438101469,126.926024167672,50,{식사},"{lunch,dinner}",http://place.map.kakao.com/1660171908,true
1023086088,스시잠비,yeonnam,restaurant,서울 마포구 연희로1길 52,37.56099889143852,126.92626775054899,50,{식사},"{lunch,dinner}",http://place.map.kakao.com/1023086088,true
1231731537,헤이뽀끼,yeonnam,restaurant,서울 마포구 연희로1길 52,37.5610547390547,126.92624505915,50,{식사},"{lunch,dinner}",http://place.map.kakao.com/1231731537,true
1776037729,졸리연남,yeonnam,restaurant,서울 마포구 연희로1길 52,37.56105654176,126.926246189191,50,{식사},"{lunch,dinner}",http://place.map.kakao.com/1776037729,true
1900893477,슬로우캘리 연남본점,yeonnam,restaurant,서울 마포구 동교로38길 35,37.56135179473061,126.92580901460133,50,{식사},"{lunch,dinner}",http://place.map.kakao.com/1900893477,true
1505995039,고스트블랙 연남,yeonnam,restaurant,서울 마포구 연희로1길 45-6,37.5613095310576,126.925941479685,50,{식사},"{lunch,dinner}",http://place.map.kakao.com/1505995039,true
441389038,플레이아레나,yeonnam,cafe,서울 마포구 동교로34길 21,37.5608542931865,126.925568431297,50,"{카페,대화}","{cafe,dessert}",http://place.map.kakao.com/441389038,true
1248588188,일쩜오플로어커피,yeonnam,cafe,서울 마포구 동교로34길 21,37.56085429319275,126.9255684312967,50,"{카페,대화}","{cafe,dessert}",http://place.map.kakao.com/1248588188,true
1275068656,풀업,yeonnam,cafe,서울 마포구 동교로38길 42-5,37.5609390039365,126.925595510621,50,"{카페,대화}","{cafe,dessert}",http://place.map.kakao.com/1275068656,true
500916307,작당모의,yeonnam,cafe,서울 마포구 동교로32길 19,37.5606091272674,126.925418144268,50,"{카페,대화}","{cafe,dessert}",http://place.map.kakao.com/500916307,true
508756518,앳더모먼트,yeonnam,cafe,서울 마포구 동교로38길 42-6,37.5610452708059,126.925515045865,50,"{카페,대화}","{cafe,dessert}",http://place.map.kakao.com/508756518,true
1501247421,팻어케이크 연남점,yeonnam,cafe,서울 마포구 연희로1길 45,37.560982429012206,126.92587728988516,50,"{카페,대화}","{cafe,dessert}",http://place.map.kakao.com/1501247421,true
1623819755,옐로우미플,yeonnam,cafe,서울 마포구 연희로1길 45,37.5610347166227,126.925924774434,50,"{카페,대화}","{cafe,dessert}",http://place.map.kakao.com/1623819755,true
723426297,배드피쉬,yeonnam,cafe,서울 마포구 동교로34길 14,37.56087200960027,126.9250885239484,50,"{카페,대화}","{cafe,dessert}",http://place.map.kakao.com/723426297,true
2063917835,스웨더,yeonnam,cafe,서울 마포구 동교로38길 37,37.5612346794674,126.92583176715,50,"{카페,대화}","{cafe,dessert}",http://place.map.kakao.com/2063917835,true
1952172646,인마이룸,yeonnam,cafe,서울 마포구 연희로1길 29,37.560324422497914,126.9254342733587,50,"{카페,대화}","{cafe,dessert}",http://place.map.kakao.com/1952172646,true
1045658545,삡삡,yeonnam,cafe,서울 마포구 동교로32길 16,37.56052781258226,126.92506283692562,50,"{카페,대화}","{cafe,dessert}",http://place.map.kakao.com/1045658545,true
202218982,돌즈,yeonnam,cafe,서울 마포구 연희로1길 28,37.5602253786374,126.925538498179,50,"{카페,대화}","{cafe,dessert}",http://place.map.kakao.com/202218982,true
386602171,우마이당고 연남 이치,yeonnam,cafe,서울 마포구 동교로38길 34,37.5614192162593,126.925565605658,50,"{카페,대화}","{cafe,dessert}",http://place.map.kakao.com/386602171,true
2124979569,해피벌스데이,yeonnam,cafe,서울 마포구 동교로34길 8,37.5609186793688,126.92480212775,50,"{카페,대화}","{cafe,dessert}",http://place.map.kakao.com/2124979569,true
675120268,라프하우스,yeonnam,cafe,서울 마포구 동교로32길 10,37.5606663831712,126.924775217822,50,"{카페,대화}","{cafe,dessert}",http://place.map.kakao.com/675120268,true
1838452247,우니쿠스커피,yeonnam,cafe,서울 마포구 연희로1길 28-5,37.5601408346621,126.925776261223,50,"{카페,대화}","{cafe,dessert}",http://place.map.kakao.com/1838452247,true
2046558132,차곡 파티세리,yeonnam,cafe,서울 마포구 연희로 19,37.56059534756812,126.9264322608452,50,"{카페,대화}","{cafe,dessert}",http://place.map.kakao.com/2046558132,true
540661189,위드위시,yeonnam,cafe,서울 마포구 동교로38길 33,37.5614977091139,126.925734169472,50,"{카페,대화}","{cafe,dessert}",http://place.map.kakao.com/540661189,true
64797443,위아소울메이트 2호점,yeonnam,cafe,서울 마포구 동교로38길 30,37.5615101575952,126.925471573705,50,"{카페,대화}","{cafe,dessert}",http://place.map.kakao.com/64797443,true
1752323154,폴리스팬케이크,yeonnam,cafe,서울 마포구 동교로38길 30,37.5615317729237,126.925457970269,50,"{카페,대화}","{cafe,dessert}",http://place.map.kakao.com/1752323154,true
1455452713,카페 무심 연남,yeonnam,cafe,서울 마포구 연희로1길 55,37.5613277479243,126.926256108249,50,"{카페,대화}","{cafe,dessert}",http://place.map.kakao.com/1455452713,true
1604254974,와플앤젤라또,yeonnam,cafe,서울 마포구 연희로1길 22,37.5600595553601,126.925475282227,50,"{카페,대화}","{cafe,dessert}",http://place.map.kakao.com/1604254974,true
2042939276,이웃집마녀 사주 타로 궁합,yeonnam,cafe,서울 마포구 연희로1길 22,37.560048736976,126.92546510677595,50,"{카페,대화}","{cafe,dessert}",http://place.map.kakao.com/2042939276,true
2097191611,청23,yeonnam,cafe,서울 마포구 연희로 23,37.5609359924527,126.926541712092,50,"{카페,대화}","{cafe,dessert}",http://place.map.kakao.com/2097191611,true
523932902,한땀,yeonnam,cafe,서울 마포구 동교로30길 17,37.5601512005185,126.925070004942,50,"{카페,대화}","{cafe,dessert}",http://place.map.kakao.com/523932902,true
1765058691,밀리우하우스,yeonnam,cafe,서울 마포구 동교로30길 17,37.5601439882393,126.925063221338,50,"{카페,대화}","{cafe,dessert}",http://place.map.kakao.com/1765058691,true
709005065,빅팬트리 연남,yeonnam,cafe,서울 마포구 연희로 17,37.5604548231924,126.926482198614,50,"{카페,대화}","{cafe,dessert}",http://place.map.kakao.com/709005065,true
1201420394,커비스컵케이크,yeonnam,cafe,서울 마포구 동교로38길 29,37.5615913706696,126.925667298752,50,"{카페,대화}","{cafe,dessert}",http://place.map.kakao.com/1201420394,true
433396165,브론시스,yeonnam,cafe,서울 마포구 연희로1길 57,37.5613701646694,126.926368116912,50,"{카페,대화}","{cafe,dessert}",http://place.map.kakao.com/433396165,true
1258489668,머지사이드,yeonnam,cafe,서울 마포구 동교로34길 4,37.5609356445028,126.924561033818,50,"{카페,대화}","{cafe,dessert}",http://place.map.kakao.com/1258489668,true
1616824783,스튜디오앱트,yeonnam,cafe,서울 마포구 동교로30길 19,37.56003862912143,126.92515387107997,50,"{카페,대화}","{cafe,dessert}",http://place.map.kakao.com/1616824783,true
25671923,낙랑파라,yeonnam,cafe,서울 마포구 연희로1길 21,37.5599783927789,126.925359919275,50,"{카페,대화}","{cafe,dessert}",http://place.map.kakao.com/25671923,true
1764589784,카페 오르트 연남,yeonnam,cafe,서울 마포구 동교로38길 28,37.5616525085235,126.925461245462,50,"{카페,대화}","{cafe,dessert}",http://place.map.kakao.com/1764589784,true
1564673960,롱베케이션,yeonnam,cafe,서울 마포구 동교로38길 33-10,37.5615529304191,126.926149494688,50,"{카페,대화}","{cafe,dessert}",http://place.map.kakao.com/1564673960,true
1868341857,앤티크커피 연남점,yeonnam,cafe,서울 마포구 연희로 25-1,37.561217140524874,126.92660142255426,50,"{카페,대화}","{cafe,dessert}",http://place.map.kakao.com/1868341857,true
852364123,디어다온,yeonnam,cafe,서울 마포구 동교로38길 33-9,37.56164295490335,126.92602943216086,50,"{카페,대화}","{cafe,dessert}",http://place.map.kakao.com/852364123,true
375509230,아뜰리에문카페 홍대본점,yeonnam,cafe,서울 마포구 동교로 232,37.560583296429,126.924469712383,50,"{카페,대화}","{cafe,dessert}",http://place.map.kakao.com/375509230,true
286125179,언더플로어,yeonnam,cafe,서울 마포구 동교로 232,37.5605715813078,126.9244663287768,50,"{카페,대화}","{cafe,dessert}",http://place.map.kakao.com/286125179,true
1790952657,하우스오브바이닐,yeonnam,cafe,서울 마포구 동교로 230,37.5604229147873,126.924463083431,50,"{카페,대화}","{cafe,dessert}",http://place.map.kakao.com/1790952657,true
1765771688,메가MGC커피 경의선숲길점,yeonnam,cafe,서울 마포구 양화로23길 46,37.5602373783225,126.92457079229,50,"{카페,대화}","{cafe,dessert}",http://place.map.kakao.com/1765771688,true
1797970569,카페공명 연남점,yeonnam,cafe,서울 마포구 연희로 11,37.5598708965573,126.926352615326,50,"{카페,대화}","{cafe,dessert}",http://place.map.kakao.com/1797970569,true
1634196607,멜팅오브,yeonnam,cafe,서울 마포구 동교로38길 33-14,37.5617611651423,126.926316799816,50,"{카페,대화}","{cafe,dessert}",http://place.map.kakao.com/1634196607,true
1125434560,감성커피 연남동점,yeonnam,cafe,서울 마포구 동교로38길 21,37.561939926927,126.925462090949,50,"{카페,대화}","{cafe,dessert}",http://place.map.kakao.com/1125434560,true
2099162705,이것이국밥이다 연희점,yeonnam,restaurant,서울 서대문구 연희로5길 54-26,37.56560618721739,126.92707590462176,50,{식사},"{lunch,dinner}",http://place.map.kakao.com/2099162705,true
1720257900,뀨아저씨네 묵은지김치찜,yeonnam,restaurant,서울 서대문구 연희로5길 54-26,37.5656052841246,126.927072509841,50,{식사},"{lunch,dinner}",http://place.map.kakao.com/1720257900,true
1972889278,헤비메탈,yeonnam,restaurant,서울 마포구 동교로 282,37.5642084535862,126.926609806505,50,{식사},"{lunch,dinner}",http://place.map.kakao.com/1972889278,true
1433214503,토쿠이,yeonnam,restaurant,서울 마포구 동교로 282,37.56419496116819,126.92664603944182,50,{식사},"{lunch,dinner}",http://place.map.kakao.com/1433214503,true
1307961934,핑퐁 서울,yeonnam,restaurant,서울 마포구 동교로 282,37.564194961162,126.926646039442,50,{식사},"{lunch,dinner}",http://place.map.kakao.com/1307961934,true
1617795857,소푸리전주콩나물국밥,yeonnam,restaurant,서울 서대문구 성산로 331,37.56625760053334,126.92706508253045,50,{식사},"{lunch,dinner}",http://place.map.kakao.com/1617795857,true
24586081,궁뜰메밀,yeonnam,restaurant,서울 서대문구 성산로 333,37.566222625040645,126.92732998037735,50,{식사},"{lunch,dinner}",http://place.map.kakao.com/24586081,true
20606827,야식포차,yeonnam,restaurant,서울 서대문구 성산로 337,37.56595893284118,126.92784958594882,50,{식사},"{lunch,dinner}",http://place.map.kakao.com/20606827,true
653246889,씨스터브레드,yeonnam,restaurant,서울 서대문구 성산로 329,37.566337717723925,126.92694955081244,50,{식사},"{lunch,dinner}",http://place.map.kakao.com/653246889,true
1292252864,하나노세이슌,yeonnam,restaurant,서울 서대문구 연희로11가길 56,37.5663243552231,126.927196317601,50,{식사},"{lunch,dinner}",http://place.map.kakao.com/1292252864,true
1833076397,잇다프로젝트 연남,yeonnam,restaurant,서울 마포구 성미산로31길 14,37.564461939487565,126.92565878728287,50,{식사},"{lunch,dinner}",http://place.map.kakao.com/1833076397,true
1108185588,연희양과점 연희점,yeonnam,restaurant,서울 서대문구 연희로11가길 56,37.566327962693954,126.9272019735794,50,{식사},"{lunch,dinner}",http://place.map.kakao.com/1108185588,true
1224651520,꼬요식당,yeonnam,restaurant,서울 마포구 동교로 275-1,37.56414149195355,126.92614807133211,50,{식사},"{lunch,dinner}",http://place.map.kakao.com/1224651520,true
997509076,그레인서울,yeonnam,restaurant,서울 서대문구 연희로11가길 53,37.56627224592564,126.9274374623977,50,{식사},"{lunch,dinner}",http://place.map.kakao.com/997509076,true
1934696594,정키,yeonnam,restaurant,서울 서대문구 연희로11가길 53,37.5662722459195,126.927437462398,50,{식사},"{lunch,dinner}",http://place.map.kakao.com/1934696594,true
1584882242,링키지버거,yeonnam,restaurant,서울 서대문구 연희로11가길 53,37.5662722438385,126.927434066708,50,{식사},"{lunch,dinner}",http://place.map.kakao.com/1584882242,true
134473495,희로,yeonnam,restaurant,서울 서대문구 성산로 325,37.56641679471255,126.92660990380499,50,{식사},"{lunch,dinner}",http://place.map.kakao.com/134473495,true
694684599,김치돼학교 홍대점,yeonnam,restaurant,서울 마포구 동교로52길 4-3,37.5639724693698,126.926733410995,50,{식사},"{lunch,dinner}",http://place.map.kakao.com/694684599,true
1234873261,온행,yeonnam,restaurant,서울 마포구 동교로52길 4-3,37.5639598863265,126.92678322525,50,{식사},"{lunch,dinner}",http://place.map.kakao.com/1234873261,true
572626332,아카사니,yeonnam,restaurant,서울 마포구 동교로 278,37.56397049215078,126.92645157922502,50,{식사},"{lunch,dinner}",http://place.map.kakao.com/572626332,true
161173366,명륜진사갈비 서울연희점,yeonnam,restaurant,서울 서대문구 성산로 325,37.5664374429577,126.92648990219,50,{식사},"{lunch,dinner}",http://place.map.kakao.com/161173366,true
248556130,식스티나인,yeonnam,restaurant,서울 서대문구 성산로 325,37.56643650599872,126.92643217623281,50,{식사},"{lunch,dinner}",http://place.map.kakao.com/248556130,true
14567533,라온디,yeonnam,restaurant,서울 마포구 동교로 278,37.56394709164183,126.9264923492591,50,{식사},"{lunch,dinner}",http://place.map.kakao.com/14567533,true
1058286886,트라이싸이클,yeonnam,restaurant,서울 마포구 동교로 278,37.5639470923403,126.926493481121,50,{식사},"{lunch,dinner}",http://place.map.kakao.com/1058286886,true
1718917251,푸라닭치킨 연희점,yeonnam,restaurant,서울 서대문구 성산로 325,37.56645540644538,126.92639933254851,50,{식사},"{lunch,dinner}",http://place.map.kakao.com/1718917251,true
21326231,이레분식,yeonnam,restaurant,서울 서대문구 성산로 318,37.566054799434745,126.92549873923184,50,{식사},"{lunch,dinner}",http://place.map.kakao.com/21326231,true
591656453,kitchen 유이,yeonnam,restaurant,서울 서대문구 성산로 318,37.56605028373703,126.9254817653236,50,{식사},"{lunch,dinner}",http://place.map.kakao.com/591656453,true
773150184,히로,yeonnam,restaurant,서울 마포구 동교로 276,37.56389112902371,126.92633054811321,50,{식사},"{lunch,dinner}",http://place.map.kakao.com/773150184,true
938749563,장대포주먹고기,yeonnam,restaurant,서울 서대문구 연희로11가길 50,37.5664921131087,126.927476865639,50,{식사},"{lunch,dinner}",http://place.map.kakao.com/938749563,true
1757668097,렛츠롤 문김밥,yeonnam,restaurant,서울 서대문구 성산로 316,37.56603669230786,126.92536066625497,50,{식사},"{lunch,dinner}",http://place.map.kakao.com/1757668097,true
695707807,문김밥,yeonnam,restaurant,서울 서대문구 성산로 316,37.566036693739,126.925362930041,50,{식사},"{lunch,dinner}",http://place.map.kakao.com/695707807,true
705851131,언니가 숨겨놓은 과자상자,yeonnam,restaurant,서울 마포구 동교로 276,37.5638379342493,126.926272875622,50,{식사},"{lunch,dinner}",http://place.map.kakao.com/705851131,true
1456577026,일번지 대박집,yeonnam,restaurant,서울 마포구 동교로 276,37.5638379342493,126.926272875622,50,{식사},"{lunch,dinner}",http://place.map.kakao.com/1456577026,true
1551579308,러프,yeonnam,restaurant,서울 마포구 동교로 276,37.5638208068501,126.92625931018,50,{식사},"{lunch,dinner}",http://place.map.kakao.com/1551579308,true
1882892467,박만배아리랑보쌈 연희점,yeonnam,restaurant,서울 서대문구 연희맛로 2-3,37.5656575371876,126.928538253608,50,{식사},"{lunch,dinner}",http://place.map.kakao.com/1882892467,true
2129002802,마세,yeonnam,restaurant,서울 서대문구 연희로11가길 47,37.5664778582053,126.927739480308,50,{식사},"{lunch,dinner}",http://place.map.kakao.com/2129002802,true
27340238,연희김밥 연희점,yeonnam,restaurant,서울 서대문구 연희로11가길 47,37.5664814649573,126.927744004425,50,{식사},"{lunch,dinner}",http://place.map.kakao.com/27340238,true
947012475,태성골뱅이 연희점,yeonnam,restaurant,서울 서대문구 연희맛로 2-3,37.5656242339226,126.928593747899,50,{식사},"{lunch,dinner}",http://place.map.kakao.com/947012475,true
19701132,드렁크몽크,yeonnam,restaurant,서울 서대문구 연희맛로 3-4,37.566092577266,126.928305799672,50,{식사},"{lunch,dinner}",http://place.map.kakao.com/19701132,true
816827560,연희LAB,yeonnam,restaurant,서울 서대문구 연희맛로 7-17,37.5662627607664,126.92813358823,50,{식사},"{lunch,dinner}",http://place.map.kakao.com/816827560,true
18521035,빠레트,yeonnam,restaurant,서울 마포구 동교로 273,37.56388363556075,126.92587441552747,50,{식사},"{lunch,dinner}",http://place.map.kakao.com/18521035,true
214684112,아민 연남,yeonnam,restaurant,서울 마포구 동교로52길 10-7,37.5636887497776,126.926885357823,50,{식사},"{lunch,dinner}",http://place.map.kakao.com/214684112,true
394975198,호루라기,yeonnam,restaurant,서울 서대문구 연희로11가길 47,37.56652470995136,126.92773943505108,50,{식사},"{lunch,dinner}",http://place.map.kakao.com/394975198,true
1316340163,아에,yeonnam,restaurant,서울 서대문구 연희맛로 7-17,37.5663222126721,126.92811089315703,50,{식사},"{lunch,dinner}",http://place.map.kakao.com/1316340163,true
1946350881,혼시츠,yeonnam,restaurant,서울 마포구 성미산로 167-7,37.56462640286183,126.92499647862329,50,{식사},"{lunch,dinner}",http://place.map.kakao.com/1946350881,true
1468480042,초콜릿책방,yeonnam,cafe,서울 서대문구 연희로5길 46-11,37.5655511053864,126.926880142006,50,"{카페,대화}","{cafe,dessert}",http://place.map.kakao.com/1468480042,true
1512498396,하유,yeonnam,cafe,서울 마포구 동교로51길 13,37.5647648787825,126.925984466038,50,"{카페,대화}","{cafe,dessert}",http://place.map.kakao.com/1512498396,true
1243806811,아꽁뜨,yeonnam,cafe,서울 마포구 동교로51길 3,37.5644425432591,126.926337928203,50,"{카페,대화}","{cafe,dessert}",http://place.map.kakao.com/1243806811,true
182374697,비바보사,yeonnam,cafe,서울 서대문구 동교로 296,37.5651381604876,126.927875468097,50,"{카페,대화}","{cafe,dessert}",http://place.map.kakao.com/182374697,true
550496093,디폴트밸류,yeonnam,cafe,서울 서대문구 성산로 333,37.56614067277951,126.9273923142198,50,"{카페,대화}","{cafe,dessert}",http://place.map.kakao.com/550496093,true
1829547825,도치,yeonnam,cafe,서울 마포구 동교로 280,37.564126453138,126.926594040842,50,"{카페,대화}","{cafe,dessert}",http://place.map.kakao.com/1829547825,true
1135762256,스윗트윅,yeonnam,cafe,서울 마포구 성미산로31길 13,37.5646627922913,126.925548796035,50,"{카페,대화}","{cafe,dessert}",http://place.map.kakao.com/1135762256,true
642685272,파츄코파라다이스,yeonnam,cafe,서울 서대문구 연희로11가길 56,37.566324357317036,126.92719971329224,50,"{카페,대화}","{cafe,dessert}",http://place.map.kakao.com/642685272,true
807018622,우드코티지,yeonnam,cafe,서울 서대문구 성산로 325,37.5664338347418,126.926483114339,50,"{카페,대화}","{cafe,dessert}",http://place.map.kakao.com/807018622,true
1591813477,가상의점카페,yeonnam,cafe,서울 마포구 동교로52길 10,37.5639455769635,126.926955282263,50,"{카페,대화}","{cafe,dessert}",http://place.map.kakao.com/1591813477,true
654004748,오두막,yeonnam,cafe,서울 서대문구 성산로 325,37.566440124084,126.926454810667,50,"{카페,대화}","{cafe,dessert}",http://place.map.kakao.com/654004748,true
1533533842,챙스베리,yeonnam,cafe,서울 서대문구 성산로 325,37.56644548632373,126.92638462761253,50,"{카페,대화}","{cafe,dessert}",http://place.map.kakao.com/1533533842,true
1362857650,유닉커피로스터스,yeonnam,cafe,서울 서대문구 연희로11가길 51,37.5663326960125,126.927573231523,50,"{카페,대화}","{cafe,dessert}",http://place.map.kakao.com/1362857650,true
1938078342,텍스처커피,yeonnam,cafe,서울 서대문구 연희로11가길 51,37.5663488993365,126.927549445972,50,"{카페,대화}","{cafe,dessert}",http://place.map.kakao.com/1938078342,true
416215652,빈트웰브,yeonnam,cafe,서울 서대문구 연희맛로 7-25,37.5661860754559,126.927968405114,50,"{카페,대화}","{cafe,dessert}",http://place.map.kakao.com/416215652,true
1424126931,턴다운서비스,yeonnam,cafe,서울 마포구 동교로50길 7,37.5638120155309,126.926610195406,50,"{카페,대화}","{cafe,dessert}",http://place.map.kakao.com/1424126931,true
384249736,텀어스 연희,yeonnam,cafe,서울 서대문구 연희맛로 2-3,37.5656575371876,126.928538253608,50,"{카페,대화}","{cafe,dessert}",http://place.map.kakao.com/384249736,true
1020878351,동경책방,yeonnam,cafe,서울 서대문구 연희맛로 7-29,37.566362676054226,126.92797729025138,50,"{카페,대화}","{cafe,dessert}",http://place.map.kakao.com/1020878351,true
1249006140,킷사카라수,yeonnam,cafe,서울 서대문구 연희맛로 7-17,37.5662627607664,126.92813358823,50,"{카페,대화}","{cafe,dessert}",http://place.map.kakao.com/1249006140,true
171951605,포레스트검프,yeonnam,cafe,서울 서대문구 연희맛로 7-17,37.5662627607664,126.92813358823,50,"{카페,대화}","{cafe,dessert}",http://place.map.kakao.com/171951605,true
1479926845,커모버,yeonnam,cafe,서울 마포구 성미산로 167-9,37.5645660943736,126.92508822066,50,"{카페,대화}","{cafe,dessert}",http://place.map.kakao.com/1479926845,true
487721368,판초,yeonnam,cafe,서울 마포구 성미산로 167-7,37.5646291065735,126.924997607784,50,"{카페,대화}","{cafe,dessert}",http://place.map.kakao.com/487721368,true
1144322192,보카도커피,yeonnam,cafe,서울 마포구 성미산로 167-14,37.5642994356012,126.925145081039,50,"{카페,대화}","{cafe,dessert}",http://place.map.kakao.com/1144322192,true
271258268,시도 플레이스,yeonnam,cafe,서울 서대문구 연희맛로 7-7,37.5662808990216,126.928328257129,50,"{카페,대화}","{cafe,dessert}",http://place.map.kakao.com/271258268,true
1752364878,코리코카페,yeonnam,cafe,서울 마포구 성미산로 165-7,37.5650569296048,126.924761748091,50,"{카페,대화}","{cafe,dessert}",http://place.map.kakao.com/1752364878,true
21392681,커피팝,yeonnam,cafe,서울 서대문구 연희맛로 5,37.56616477015091,126.9284924932372,50,"{카페,대화}","{cafe,dessert}",http://place.map.kakao.com/21392681,true
1611311586,포담 티하우스,yeonnam,cafe,서울 마포구 성미산로 165-6,37.564774897837964,126.92473033925334,50,"{카페,대화}","{cafe,dessert}",http://place.map.kakao.com/1611311586,true
327730309,더레어 연남본점,yeonnam,cafe,서울 마포구 동교로 269,37.5637141010468,126.925640288819,50,"{카페,대화}","{cafe,dessert}",http://place.map.kakao.com/327730309,true
1650771621,미도파 커피하우스,yeonnam,cafe,서울 서대문구 성산로 317,37.566568313108064,126.92541333519081,50,"{카페,대화}","{cafe,dessert}",http://place.map.kakao.com/1650771621,true
1941995157,캐비넷하우스,yeonnam,cafe,서울 서대문구 연희로11가길 42,37.5668670881358,126.927739104317,50,"{카페,대화}","{cafe,dessert}",http://place.map.kakao.com/1941995157,true
1843402878,로우키 연희점,yeonnam,cafe,서울 서대문구 연희로11가길 42,37.56686708813576,126.92773910431737,50,"{카페,대화}","{cafe,dessert}",http://place.map.kakao.com/1843402878,true
78751640,휠로소피,yeonnam,cafe,서울 서대문구 연희맛로 7-12,37.5665791174563,126.928309860976,50,"{카페,대화}","{cafe,dessert}",http://place.map.kakao.com/78751640,true
225834573,연희 에스프레소바,yeonnam,cafe,서울 서대문구 연희로11가길 39,37.56677087382404,126.92805386675303,50,"{카페,대화}","{cafe,dessert}",http://place.map.kakao.com/225834573,true
62374074,올레무스 2호점,yeonnam,cafe,서울 서대문구 연희로11가길 48-10,37.5669840787296,126.92751260973,50,"{카페,대화}","{cafe,dessert}",http://place.map.kakao.com/62374074,true
226087484,카페 마,yeonnam,cafe,서울 서대문구 연희로11가길 48-10,37.56698768549003,126.92751713386629,50,"{카페,대화}","{cafe,dessert}",http://place.map.kakao.com/226087484,true
1564108064,카페어서,yeonnam,cafe,서울 서대문구 연희로 57,37.5637680233397,126.928331796425,50,"{카페,대화}","{cafe,dessert}",http://place.map.kakao.com/1564108064,true
1865066965,아드떼카페,yeonnam,cafe,서울 마포구 동교로51안길 17,37.5651594131498,126.924401707102,50,"{카페,대화}","{cafe,dessert}",http://place.map.kakao.com/1865066965,true
886571055,하우스키루,yeonnam,cafe,서울 마포구 성미산로 174,37.5639371448843,126.925002828956,50,"{카페,대화}","{cafe,dessert}",http://place.map.kakao.com/886571055,true
992820740,아스테룸 433-10,yeonnam,cafe,서울 서대문구 연희로11가길 48-23,37.5671098691974,126.926946532947,50,"{카페,대화}","{cafe,dessert}",http://place.map.kakao.com/992820740,true
1707787665,브라운하우스,yeonnam,cafe,서울 마포구 동교로50길 25,37.56333495678488,126.92736900466602,50,"{카페,대화}","{cafe,dessert}",http://place.map.kakao.com/1707787665,true
1098552341,템포라,yeonnam,cafe,서울 서대문구 연희로11다길 9,37.5670688736189,126.927677786298,50,"{카페,대화}","{cafe,dessert}",http://place.map.kakao.com/1098552341,true
403880967,낭만한도초과,yeonnam,cafe,서울 서대문구 연희로11다길 9,37.5670688736189,126.927677786298,50,"{카페,대화}","{cafe,dessert}",http://place.map.kakao.com/403880967,true
1463272125,엘리제레,yeonnam,cafe,서울 마포구 성미산로 163,37.5649169583393,126.924266126923,50,"{카페,대화}","{cafe,dessert}",http://place.map.kakao.com/1463272125,true
1095116329,그림제작소 연남점,yeonnam,cafe,서울 마포구 성미산로 170,37.56415583377452,126.92460532508811,50,"{카페,대화}","{cafe,dessert}",http://place.map.kakao.com/1095116329,true
2133249478,버터앤쉘터 연남점,yeonnam,cafe,서울 마포구 성미산로 170,37.5641441143269,126.924595150115,50,"{카페,대화}","{cafe,dessert}",http://place.map.kakao.com/2133249478,true
488038899,황창배미술관오묘서울,yeonnam,culture,서울 서대문구 연희로 89-8,37.56643864372744,126.92994672246613,50,"{문화,실내}","{culture,walk}",http://place.map.kakao.com/488038899,true
584284,라이카시네마,yeonnam,culture,서울 서대문구 연희로8길 18,37.5651643154485,126.930932651709,50,"{문화,실내}","{culture,walk}",http://place.map.kakao.com/584284,true
1673222805,모모룸,yeonnam,culture,서울 서대문구 연희로11길 55-13,37.5684137546712,126.92865673695,50,"{문화,실내}","{culture,walk}",http://place.map.kakao.com/1673222805,true
169759780,은보갤러리,yeonnam,culture,서울 서대문구 연희맛로 34,37.5677645560949,126.930875918743,50,"{문화,실내}","{culture,walk}",http://place.map.kakao.com/169759780,true
1452748295,플로어,yeonnam,culture,서울 서대문구 연희로15길 65-6,37.5701906714717,126.928911996187,50,"{문화,실내}","{culture,walk}",http://place.map.kakao.com/1452748295,true
1176376259,아트랩반,yeonnam,culture,서울 서대문구 증가로 29,37.570670739158615,126.93014877620938,50,"{문화,실내}","{culture,walk}",http://place.map.kakao.com/1176376259,true
23890511,장기원기념관,yeonnam,culture,서울 서대문구 연세로 50,37.56385355809684,126.93607250869692,50,"{문화,실내}","{culture,walk}",http://place.map.kakao.com/23890511,true
27235510,연세대학교 금호아트홀연세,yeonnam,culture,서울 서대문구 연세로 50,37.56313301480718,126.93654284199991,50,"{문화,실내}","{culture,walk}",http://place.map.kakao.com/27235510,true
7861587,맥도날드 망원점,mangwon,restaurant,서울 마포구 월드컵로 81,37.556096830594846,126.90977742489936,50,{식사},"{lunch,dinner}",http://place.map.kakao.com/7861587,true
898133365,타코벨 망원역점,mangwon,restaurant,서울 마포구 월드컵로 80,37.5562054602226,126.910447286789,50,{식사},"{lunch,dinner}",http://place.map.kakao.com/898133365,true
1997011697,황제정육식당&수제돼지갈비 망원시장점,mangwon,restaurant,서울 마포구 월드컵로 83,37.5561913270271,126.909635842911,50,{식사},"{lunch,dinner}",http://place.map.kakao.com/1997011697,true
25550532,롯데리아 망원점,mangwon,restaurant,서울 마포구 월드컵로 85,37.5563165352104,126.909596080594,50,{식사},"{lunch,dinner}",http://place.map.kakao.com/25550532,true
901896650,5959양꼬치 본점,mangwon,restaurant,서울 마포구 동교로9길 48,37.5559705075129,126.909537648078,50,{식사},"{lunch,dinner}",http://place.map.kakao.com/901896650,true
18249097,한촌설렁탕 망원역점,mangwon,restaurant,서울 마포구 월드컵로 85,37.5563236981065,126.909537221124,50,{식사},"{lunch,dinner}",http://place.map.kakao.com/18249097,true
1038614432,동래정 망원점,mangwon,restaurant,서울 마포구 동교로9길 48,37.55593444076368,126.90950260771949,50,{식사},"{lunch,dinner}",http://place.map.kakao.com/1038614432,true
1374582458,구구족 망원점,mangwon,restaurant,서울 마포구 동교로9길 44,37.5558245573529,126.909552537115,50,{식사},"{lunch,dinner}",http://place.map.kakao.com/1374582458,true
22790197,맛양값 망원본점,mangwon,restaurant,서울 마포구 동교로9길 44,37.5558263584852,126.909551403198,50,{식사},"{lunch,dinner}",http://place.map.kakao.com/22790197,true
471278473,악어마끼 망원점,mangwon,restaurant,서울 마포구 동교로9길 44,37.5558245573592,126.909552537114,50,{식사},"{lunch,dinner}",http://place.map.kakao.com/471278473,true
547879736,진성만두 망원본점,mangwon,restaurant,서울 마포구 월드컵로13길 9,37.5555868458314,126.909750878103,50,{식사},"{lunch,dinner}",http://place.map.kakao.com/547879736,true
624428474,홍콩반점0410 망원시장점,mangwon,restaurant,서울 마포구 월드컵로13길 9,37.555585036924,126.909741826401,50,{식사},"{lunch,dinner}",http://place.map.kakao.com/624428474,true
875379071,성립,mangwon,restaurant,서울 마포구 성미산로2길 43,37.556574982822454,126.91059736736713,50,{식사},"{lunch,dinner}",http://place.map.kakao.com/875379071,true
18764202,써브웨이 망원역점,mangwon,restaurant,서울 마포구 월드컵로 87,37.556461490695185,126.90945896390052,50,{식사},"{lunch,dinner}",http://place.map.kakao.com/18764202,true
26897659,서울미트볼 서교망원점,mangwon,restaurant,서울 마포구 성미산로2길 43,37.55659842586499,126.9106199743724,50,{식사},"{lunch,dinner}",http://place.map.kakao.com/26897659,true
1987198148,망원동 막국수,mangwon,restaurant,서울 마포구 동교로9길 56,37.5562027204985,126.909219347124,50,{식사},"{lunch,dinner}",http://place.map.kakao.com/1987198148,true
2101465777,노주,mangwon,restaurant,서울 마포구 동교로9길 56,37.5562027204985,126.909219347124,50,{식사},"{lunch,dinner}",http://place.map.kakao.com/2101465777,true
1839559562,온리,mangwon,restaurant,서울 마포구 동교로9길 56,37.5562027204985,126.909219347124,50,{식사},"{lunch,dinner}",http://place.map.kakao.com/1839559562,true
2083936368,원당가마솥찰옥수수,mangwon,restaurant,서울 마포구 월드컵로13길 14,37.5557225859185,126.909345552419,50,{식사},"{lunch,dinner}",http://place.map.kakao.com/2083936368,true
248364876,돌쇠풍천민물장어 망원점,mangwon,restaurant,서울 마포구 월드컵로 87,37.55649023660714,126.90934688597002,50,{식사},"{lunch,dinner}",http://place.map.kakao.com/248364876,true
1866934589,신선왕만두,mangwon,restaurant,서울 마포구 월드컵로13길 14,37.555718073990576,126.9093365039857,50,{식사},"{lunch,dinner}",http://place.map.kakao.com/1866934589,true
8014880,오시오,mangwon,restaurant,서울 마포구 월드컵로 73,37.5553981192908,126.910384875891,50,{식사},"{lunch,dinner}",http://place.map.kakao.com/8014880,true
160122211,피끄,mangwon,restaurant,서울 마포구 동교로9길 37,37.5554479928166,126.909620896233,50,{식사},"{lunch,dinner}",http://place.map.kakao.com/160122211,true
1563968290,아퀴노,mangwon,restaurant,서울 마포구 월드컵로14길 10,37.5558644044331,126.911005642518,50,{식사},"{lunch,dinner}",http://place.map.kakao.com/1563968290,true
19493745,투다리 망원1점,mangwon,restaurant,서울 마포구 동교로9길 34,37.555345547246226,126.9099718567789,50,{식사},"{lunch,dinner}",http://place.map.kakao.com/19493745,true
1915933789,오하루수육국밥,mangwon,restaurant,서울 마포구 월드컵로13길 13,37.5555343627556,126.909456690415,50,{식사},"{lunch,dinner}",http://place.map.kakao.com/1915933789,true
1195391895,역전할머니맥주 망원점,mangwon,restaurant,서울 마포구 동교로9길 51,37.5558981428064,126.909166524823,50,{식사},"{lunch,dinner}",http://place.map.kakao.com/1195391895,true
939560434,만나포차,mangwon,restaurant,서울 마포구 월드컵로 87,37.5564739369385,126.909240521334,50,{식사},"{lunch,dinner}",http://place.map.kakao.com/939560434,true
410524575,또바기치킨 망원시장점,mangwon,restaurant,서울 마포구 동교로9길 35,37.555338145706834,126.90971835781039,50,{식사},"{lunch,dinner}",http://place.map.kakao.com/410524575,true
740304952,만월,mangwon,restaurant,서울 마포구 월드컵로 87,37.556339572686895,126.90909016198128,50,{식사},"{lunch,dinner}",http://place.map.kakao.com/740304952,true
7841341,동경 망원점,mangwon,restaurant,서울 마포구 월드컵로13길 18,37.5557179365499,126.909157689657,50,{식사},"{lunch,dinner}",http://place.map.kakao.com/7841341,true
1564118325,연희김밥,mangwon,restaurant,서울 마포구 월드컵로13길 17,37.55553784861791,126.90930277029302,50,{식사},"{lunch,dinner}",http://place.map.kakao.com/1564118325,true
660959515,명랑핫도그 망원역점,mangwon,restaurant,서울 마포구 월드컵로13길 17,37.5555342411544,126.909298247727,50,{식사},"{lunch,dinner}",http://place.map.kakao.com/660959515,true
1899778058,망원추어탕 본점,mangwon,restaurant,서울 마포구 동교로9길 57,37.5560989525976,126.909020286223,50,{식사},"{lunch,dinner}",http://place.map.kakao.com/1899778058,true
1882074751,화락바베큐치킨 망원역점,mangwon,restaurant,서울 마포구 동교로9길 57,37.5560989526039,126.909020286223,50,{식사},"{lunch,dinner}",http://place.map.kakao.com/1882074751,true
211364003,불만있는치킨,mangwon,restaurant,서울 마포구 동교로9길 57,37.5560989525976,126.909020286223,50,{식사},"{lunch,dinner}",http://place.map.kakao.com/211364003,true
1455353823,바베큐치킨 참잘하는집,mangwon,restaurant,서울 마포구 동교로9길 57,37.5560989525976,126.909020286223,50,{식사},"{lunch,dinner}",http://place.map.kakao.com/1455353823,true
24710430,망원양꼬치,mangwon,restaurant,서울 마포구 월드컵로13길 17,37.5555450287654,126.909266546081,50,{식사},"{lunch,dinner}",http://place.map.kakao.com/24710430,true
1226420399,헤키,mangwon,restaurant,서울 마포구 동교로9길 33,37.5552408925752,126.90978977413248,50,{식사},"{lunch,dinner}",http://place.map.kakao.com/1226420399,true
1794536430,마장동우뚝,mangwon,restaurant,서울 마포구 월드컵로 87,37.55650446112015,126.90909788391257,50,{식사},"{lunch,dinner}",http://place.map.kakao.com/1794536430,true
708087526,기글스 망원,mangwon,restaurant,서울 마포구 월드컵로13길 22-8,37.555810615424946,126.90899687025635,50,{식사},"{lunch,dinner}",http://place.map.kakao.com/708087526,true
1215753799,신세카이,mangwon,restaurant,서울 마포구 월드컵로13길 22-8,37.5558115164214,126.908996869161,50,{식사},"{lunch,dinner}",http://place.map.kakao.com/1215753799,true
517904025,서부청기와감자탕 망원역점,mangwon,restaurant,서울 마포구 성미산로2길 33,37.5570251304405,126.910135072675,50,{식사},"{lunch,dinner}",http://place.map.kakao.com/517904025,true
2113434083,파리바게뜨 망원역점,mangwon,restaurant,서울 마포구 월드컵로13길 19,37.5555314355021,126.909164706457,50,{식사},"{lunch,dinner}",http://place.map.kakao.com/2113434083,true
795074926,소바식당 망원점,mangwon,restaurant,서울 마포구 동교로9길 28,37.5551492653404,126.910149774316,50,{식사},"{lunch,dinner}",http://place.map.kakao.com/795074926,true
13577612,이디야커피 망원역점,mangwon,cafe,서울 마포구 월드컵로 82-1,37.55637643718808,126.91016754060317,50,"{카페,대화}","{cafe,dessert}",http://place.map.kakao.com/13577612,true
1335955910,컴포즈커피 망원역점,mangwon,cafe,서울 마포구 월드컵로 84,37.5564223156421,126.910072418699,50,"{카페,대화}","{cafe,dessert}",http://place.map.kakao.com/1335955910,true
1089083960,벌툰 봉화당 망원역점,mangwon,cafe,서울 마포구 월드컵로 85,37.5563308991404,126.909528158446,50,"{카페,대화}","{cafe,dessert}",http://place.map.kakao.com/1089083960,true
12776689,스타벅스 망원역점,mangwon,cafe,서울 마포구 월드컵로 74,37.5558452570744,126.91070575438697,50,"{카페,대화}","{cafe,dessert}",http://place.map.kakao.com/12776689,true
1096123419,젤리샷케이크,mangwon,cafe,서울 마포구 성미산로2길 49,37.5563858635006,126.910716426788,50,"{카페,대화}","{cafe,dessert}",http://place.map.kakao.com/1096123419,true
1991620121,레드버튼 망원역점,mangwon,cafe,서울 마포구 월드컵로 74,37.5557822044294,126.910728464389,50,"{카페,대화}","{cafe,dessert}",http://place.map.kakao.com/1991620121,true
1683178495,오디너리노이즈클럽,mangwon,cafe,서울 마포구 동교로9길 36,37.55548599993412,126.90983701148937,50,"{카페,대화}","{cafe,dessert}",http://place.map.kakao.com/1683178495,true
239288973,메가MGC커피 망원역점,mangwon,cafe,서울 마포구 동교로9길 49,37.5558333441587,126.909261669556,50,"{카페,대화}","{cafe,dessert}",http://place.map.kakao.com/239288973,true
52284774,매머드익스프레스 망원역점,mangwon,cafe,서울 마포구 동교로9길 37,37.5554479919567,126.9096197645,50,"{카페,대화}","{cafe,dessert}",http://place.map.kakao.com/52284774,true
350204016,설빙 서울망원점,mangwon,cafe,서울 마포구 월드컵로 87,37.5564739369448,126.909240521333,50,"{카페,대화}","{cafe,dessert}",http://place.map.kakao.com/350204016,true
1427980191,몬스터스토리지 메종망원점,mangwon,cafe,서울 마포구 월드컵로13길 20,37.5558107165362,126.909128151824,50,"{카페,대화}","{cafe,dessert}",http://place.map.kakao.com/1427980191,true
1528313820,프레피커피랩 망원점,mangwon,cafe,서울 마포구 동교로9길 33,37.5552408925689,126.909789774133,50,"{카페,대화}","{cafe,dessert}",http://place.map.kakao.com/1528313820,true
123575123,당인리책발전소,mangwon,cafe,서울 마포구 월드컵로14길 10-8,37.5556906203536,126.911149579773,50,"{카페,대화}","{cafe,dessert}",http://place.map.kakao.com/123575123,true
1419333748,레코드시즌,mangwon,cafe,서울 마포구 월드컵로13길 22-8,37.5558079037123,126.908985556167,50,"{카페,대화}","{cafe,dessert}",http://place.map.kakao.com/1419333748,true
2139813720,트렁크룸,mangwon,cafe,서울 마포구 월드컵로13길 19-7,37.5553530747448,126.909212455687,50,"{카페,대화}","{cafe,dessert}",http://place.map.kakao.com/2139813720,true
798968874,다다랩,mangwon,cafe,서울 마포구 월드컵로15길 17,37.55609607410533,126.90879280937409,50,"{카페,대화}","{cafe,dessert}",http://place.map.kakao.com/798968874,true
1516145205,스몰굿커피 망원역점,mangwon,cafe,서울 마포구 월드컵로15길 19,37.5560311778812,126.908761199692,50,"{카페,대화}","{cafe,dessert}",http://place.map.kakao.com/1516145205,true
1253776250,카페게이트 망원역점,mangwon,cafe,서울 마포구 월드컵로 67,37.5550667892105,126.910697629436,50,"{카페,대화}","{cafe,dessert}",http://place.map.kakao.com/1253776250,true
1666714903,인바이트,mangwon,cafe,서울 마포구 월드컵로15길 23,37.55588334709647,126.908674235964,50,"{카페,대화}","{cafe,dessert}",http://place.map.kakao.com/1666714903,true
1059570861,카페공명 망원책빵,mangwon,cafe,서울 마포구 월드컵로13길 22-3,37.5556986813308,126.908724257753,50,"{카페,대화}","{cafe,dessert}",http://place.map.kakao.com/1059570861,true
41281308,커차그,mangwon,cafe,서울 마포구 월드컵로13길 19-23,37.55498832760559,126.90941660890905,50,"{카페,대화}","{cafe,dessert}",http://place.map.kakao.com/41281308,true
1254472158,커넥츠커피 망원점,mangwon,cafe,서울 마포구 월드컵로11길 8,37.5549044692964,126.910512220228,50,"{카페,대화}","{cafe,dessert}",http://place.map.kakao.com/1254472158,true
979881761,도파민,mangwon,cafe,서울 마포구 월드컵로15길 22,37.5559787519838,126.90854396929,50,"{카페,대화}","{cafe,dessert}",http://place.map.kakao.com/979881761,true
326944999,블랙베어도넛 망원점,mangwon,cafe,서울 마포구 성미산로6길 53,37.55622440765849,126.91167860266064,50,"{카페,대화}","{cafe,dessert}",http://place.map.kakao.com/326944999,true
567313340,시즌드시즌,mangwon,cafe,서울 마포구 월드컵로16길 17,37.557331755417245,126.910511581101,50,"{카페,대화}","{cafe,dessert}",http://place.map.kakao.com/567313340,true
2090377910,카펫 망원점,mangwon,cafe,서울 마포구 동교로9길 72,37.5567483027376,126.908672048619,50,"{카페,대화}","{cafe,dessert}",http://place.map.kakao.com/2090377910,true
1220444490,리파인드카페,mangwon,cafe,서울 마포구 월드컵로17길 7,37.556843848602,126.90872399271,50,"{카페,대화}","{cafe,dessert}",http://place.map.kakao.com/1220444490,true
1377399276,오래커피,mangwon,cafe,서울 마포구 월드컵로17길 7,37.5568474543307,126.908726251821,50,"{카페,대화}","{cafe,dessert}",http://place.map.kakao.com/1377399276,true
1402882945,브라운핸즈 창비,mangwon,cafe,서울 마포구 월드컵로12길 7,37.55530522252565,126.91145447300903,50,"{카페,대화}","{cafe,dessert}",http://place.map.kakao.com/1402882945,true
657926243,앤트러사이트 서교점,mangwon,cafe,서울 마포구 월드컵로12길 11,37.555521630383105,126.9116794320928,50,"{카페,대화}","{cafe,dessert}",http://place.map.kakao.com/657926243,true
95032920,루아르커피바 망원,mangwon,cafe,서울 마포구 월드컵로11길 7,37.5547368942134,126.910526001279,50,"{카페,대화}","{cafe,dessert}",http://place.map.kakao.com/95032920,true
631455576,네임이즈마빈,mangwon,cafe,서울 마포구 월드컵로20길 6,37.5574471589323,126.909429477212,50,"{카페,대화}","{cafe,dessert}",http://place.map.kakao.com/631455576,true
1558684636,얼라이브214,mangwon,cafe,서울 마포구 월드컵로13길 34,37.55562359966335,126.90833842739382,50,"{카페,대화}","{cafe,dessert}",http://place.map.kakao.com/1558684636,true
1422574279,80호 자유,mangwon,cafe,서울 마포구 월드컵로17길 25-10,37.555902837352,126.90824641442,50,"{카페,대화}","{cafe,dessert}",http://place.map.kakao.com/1422574279,true
606490067,위드뮤베이커리카페,mangwon,cafe,서울 마포구 동교로9길 12,37.5546289630167,126.910775108908,50,"{카페,대화}","{cafe,dessert}",http://place.map.kakao.com/606490067,true
2123162656,네르,mangwon,cafe,서울 마포구 월드컵로19길 25-1,37.5562766214518,126.90807958949628,50,"{카페,대화}","{cafe,dessert}",http://place.map.kakao.com/2123162656,true
514993416,빽다방 망원시장점,mangwon,cafe,서울 마포구 월드컵로13길 34,37.55553876968461,126.90816311243529,50,"{카페,대화}","{cafe,dessert}",http://place.map.kakao.com/514993416,true
1145609942,러브레플리카,mangwon,cafe,서울 마포구 월드컵로19길 12,37.556897577764715,126.90829725548319,50,"{카페,대화}","{cafe,dessert}",http://place.map.kakao.com/1145609942,true
1878077769,블라블라,mangwon,cafe,서울 마포구 월드컵로19길 8,37.5570977245202,126.90845885163,50,"{카페,대화}","{cafe,dessert}",http://place.map.kakao.com/1878077769,true
1185919020,광합성카페,mangwon,cafe,서울 마포구 월드컵로19길 8,37.557083291029,126.908436234127,50,"{카페,대화}","{cafe,dessert}",http://place.map.kakao.com/1185919020,true
1295263859,오탄틱,mangwon,cafe,서울 마포구 월드컵로19길 29,37.55615404452357,126.90802654809838,50,"{카페,대화}","{cafe,dessert}",http://place.map.kakao.com/1295263859,true
420300024,투썸플레이스 망원역점,mangwon,cafe,서울 마포구 월드컵로 62,37.55489531742196,126.91151946632124,50,"{카페,대화}","{cafe,dessert}",http://place.map.kakao.com/420300024,true
590814081,메이크베러띵스,mangwon,cafe,서울 마포구 월드컵로17길 37,37.55566574589081,126.90808033984607,50,"{카페,대화}","{cafe,dessert}",http://place.map.kakao.com/590814081,true
1705080114,오늘요거,mangwon,cafe,서울 마포구 월드컵로17길 37,37.5556810522632,126.908066740204,50,"{카페,대화}","{cafe,dessert}",http://place.map.kakao.com/1705080114,true
1349289596,카페5742,mangwon,cafe,서울 마포구 월드컵로19길 20,37.5565784402432,126.908059979003,50,"{카페,대화}","{cafe,dessert}",http://place.map.kakao.com/1349289596,true
998657421,이행성극장,mangwon,culture,서울 마포구 동교로9길 83,37.557147923628,126.908128316613,50,"{문화,실내}","{culture,walk}",http://place.map.kakao.com/998657421,true
1271746698,단비갤러리,mangwon,culture,서울 마포구 월드컵로16길 52-19,37.556875777425,126.912822038026,50,"{문화,실내}","{culture,walk}",http://place.map.kakao.com/1271746698,true
1520325703,컬렉션 컴플릿,mangwon,culture,서울 마포구 동교로15길 30,37.5560037553055,126.914247916662,50,"{문화,실내}","{culture,walk}",http://place.map.kakao.com/1520325703,true
15248078,성미산마을극장,mangwon,culture,서울 마포구 월드컵로26길 39,37.5594882804217,126.909904623828,50,"{문화,실내}","{culture,walk}",http://place.map.kakao.com/15248078,true
509706690,스페이스 458,mangwon,culture,서울 마포구 동교로17길 37,37.5565378139702,126.915173075978,50,"{문화,실내}","{culture,walk}",http://place.map.kakao.com/509706690,true
1973693326,취미가,mangwon,culture,서울 마포구 동교로17길 96,37.5589185096478,126.914287584268,50,"{문화,실내}","{culture,walk}",http://place.map.kakao.com/1973693326,true
1188703982,콘서트홀 나누,mangwon,culture,서울 마포구 망원로 66,37.5570610153931,126.904208014987,50,"{문화,실내}","{culture,walk}",http://place.map.kakao.com/1188703982,true
10832358,벨로주 망원,mangwon,culture,서울 마포구 포은로 117,37.557443990148,126.904270903481,50,"{문화,실내}","{culture,walk}",http://place.map.kakao.com/10832358,true
1063100093,공간파운드,mangwon,culture,서울 마포구 희우정로10길 24,37.5530750369419,126.905367448227,50,"{문화,실내}","{culture,walk}",http://place.map.kakao.com/1063100093,true
250331355,WWWSPACE,mangwon,culture,서울 마포구 망원로6길 37,37.5552668005838,126.903802888715,50,"{문화,실내}","{culture,walk}",http://place.map.kakao.com/250331355,true
190302751,24프레임,mangwon,culture,서울 마포구 희우정로10길 14,37.5529304225907,126.90480178352,50,"{문화,실내}","{culture,walk}",http://place.map.kakao.com/190302751,true
1829280639,어거스트 엘리오,mangwon,culture,서울 마포구 희우정로20길 54,37.5559151297282,126.903326724409,50,"{문화,실내}","{culture,walk}",http://place.map.kakao.com/1829280639,true
18637327,전쟁과여성인권박물관,mangwon,culture,서울 마포구 월드컵북로11길 20,37.560081221933736,126.9148770537037,50,"{문화,실내}","{culture,walk}",http://place.map.kakao.com/18637327,true
696254468,아트아카이브리드모어,mangwon,culture,서울 마포구 성미산로 70,37.5597123481492,126.915622196288,50,"{문화,실내}","{culture,walk}",http://place.map.kakao.com/696254468,true
610585616,스페이스홍,mangwon,culture,서울 마포구 동교로 144,37.5551838693897,126.918085418443,50,"{문화,실내}","{culture,walk}",http://place.map.kakao.com/610585616,true
974146683,푸구룸,mangwon,culture,서울 마포구 망원로 45-4,37.5569916765144,126.90205776635,50,"{문화,실내}","{culture,walk}",http://place.map.kakao.com/974146683,true
13566726,롤러코스터,mangwon,culture,서울 마포구 동교로 147,37.5555336192085,126.918320436404,50,"{문화,실내}","{culture,walk}",http://place.map.kakao.com/13566726,true
270114796,아스트라 라이브스튜디오,mangwon,culture,서울 마포구 동교로22길 14,37.555085260019,126.918809832182,50,"{문화,실내}","{culture,walk}",http://place.map.kakao.com/270114796,true
539823076,성산아트컬처,mangwon,culture,서울 마포구 월드컵북로12안길 3,37.5620745258112,126.915293564289,50,"{문화,실내}","{culture,walk}",http://place.map.kakao.com/539823076,true
772925094,브라이트룸,mangwon,attraction,서울 마포구 월드컵로25길 79,37.5574900821482,126.903338270923,50,"{구경,산책}","{walk,culture}",http://place.map.kakao.com/772925094,true
7942585,성산,mangwon,attraction,서울 마포구 성산동,37.5612851793166,126.912718432086,50,"{구경,산책}","{walk,culture}",http://place.map.kakao.com/7942585,true
14080198,망원 초록길,mangwon,attraction,서울 마포구 망원동 218-7,37.5514059474095,126.902608278753,50,"{구경,산책}","{walk,culture}",http://place.map.kakao.com/14080198,true
407097008,망원곱창시장,mangwon,restaurant,서울 마포구 포은로8길 28,37.5565266027523,126.906302435677,50,{식사},"{lunch,dinner}",http://place.map.kakao.com/407097008,true
158970766,망원떡갈비,mangwon,restaurant,서울 마포구 포은로8길 25,37.5566418134327,126.906155163758,50,{식사},"{lunch,dinner}",http://place.map.kakao.com/158970766,true
1816436967,전통맛죽,mangwon,restaurant,서울 마포구 망원로8길 17,37.556739103034054,126.90613240669464,50,{식사},"{lunch,dinner}",http://place.map.kakao.com/1816436967,true
282976694,369 활어회포장전문,mangwon,restaurant,서울 마포구 포은로8길 25,37.55661115886796,126.90612917193216,50,{식사},"{lunch,dinner}",http://place.map.kakao.com/282976694,true
2122049855,정체,mangwon,restaurant,서울 마포구 포은로8길 28-6,37.5563428740159,126.906396600702,50,{식사},"{lunch,dinner}",http://place.map.kakao.com/2122049855,true
1905207814,망원닭강정,mangwon,restaurant,서울 마포구 망원로8길 21,37.5564940680341,126.90617798402,50,{식사},"{lunch,dinner}",http://place.map.kakao.com/1905207814,true
1405054411,이삭토스트 서울망원시장점,mangwon,restaurant,서울 마포구 망원로8길 17,37.5567246654971,126.906105262744,50,{식사},"{lunch,dinner}",http://place.map.kakao.com/1405054411,true
1179037695,엄마손김밥,mangwon,restaurant,서울 마포구 망원로8길 17,37.556727334271166,126.90606225279942,50,{식사},"{lunch,dinner}",http://place.map.kakao.com/1179037695,true
466908281,솔나무떡집,mangwon,restaurant,서울 마포구 망원로8길 25,37.5564003895972,126.906209790403,50,{식사},"{lunch,dinner}",http://place.map.kakao.com/466908281,true
95093950,졸리파이마켓,mangwon,restaurant,서울 마포구 망원로10길 16,37.5569704699474,126.907031862677,50,{식사},"{lunch,dinner}",http://place.map.kakao.com/95093950,true
19949548,큐스닭강정,mangwon,restaurant,서울 마포구 망원로8길 27,37.55630312423827,126.90626310437702,50,{식사},"{lunch,dinner}",http://place.map.kakao.com/19949548,true
1289482828,못난이,mangwon,restaurant,서울 마포구 망원로8길 13,37.5569156406805,126.906059752904,50,{식사},"{lunch,dinner}",http://place.map.kakao.com/1289482828,true
1564384971,대게특별시 망원시장점,mangwon,restaurant,서울 마포구 망원로8길 13,37.5569156406805,126.906059752904,50,{식사},"{lunch,dinner}",http://place.map.kakao.com/1564384971,true
1564635664,송이네,mangwon,restaurant,서울 마포구 포은로8길 21,37.55659658349035,126.90592887036459,50,{식사},"{lunch,dinner}",http://place.map.kakao.com/1564635664,true
155788758,망원동숯불족발보쌈,mangwon,restaurant,서울 마포구 포은로8길 21,37.5566398114702,126.905903917496,50,{식사},"{lunch,dinner}",http://place.map.kakao.com/155788758,true
769867034,훈이네빈대떡,mangwon,restaurant,서울 마포구 포은로8길 22,37.55646146290605,126.90596525617542,50,{식사},"{lunch,dinner}",http://place.map.kakao.com/769867034,true
1088815991,우이락 망원본점,mangwon,restaurant,서울 마포구 포은로8길 22,37.5564326454454,126.905983400357,50,{식사},"{lunch,dinner}",http://place.map.kakao.com/1088815991,true
904207236,즉석수제핫바,mangwon,restaurant,서울 마포구 망원로8길 29,37.5561842115906,126.906287019959,50,{식사},"{lunch,dinner}",http://place.map.kakao.com/904207236,true
1127192566,민영활어공장 망원시장점,mangwon,restaurant,서울 마포구 포은로8길 21,37.5566343892623,126.905883552793,50,{식사},"{lunch,dinner}",http://place.map.kakao.com/1127192566,true
20809731,부산대원어묵,mangwon,restaurant,서울 마포구 망원로8길 26,37.556330875201894,126.90603672030494,50,{식사},"{lunch,dinner}",http://place.map.kakao.com/20809731,true
18856246,망원시장손칼국수,mangwon,restaurant,서울 마포구 망원로8길 29,37.5561805968254,126.906273443554,50,{식사},"{lunch,dinner}",http://place.map.kakao.com/18856246,true
1126380174,망원튀맥집,mangwon,restaurant,서울 마포구 망원로8길 29,37.556197678906116,126.90622702063398,50,{식사},"{lunch,dinner}",http://place.map.kakao.com/1126380174,true
1601203964,무침프로젝트 홍어무침 망원점,mangwon,restaurant,서울 마포구 망원로8길 26,37.556320957944,126.906028810532,50,{식사},"{lunch,dinner}",http://place.map.kakao.com/1601203964,true
93122129,망원장터국밥,mangwon,restaurant,서울 마포구 망원로8길 29,37.5561733654867,126.906244027263,50,{식사},"{lunch,dinner}",http://place.map.kakao.com/93122129,true
19517769,장수한방족발,mangwon,restaurant,서울 마포구 망원로8길 9,37.5570777767672,126.906005224987,50,{식사},"{lunch,dinner}",http://place.map.kakao.com/19517769,true
2143093783,고향집,mangwon,restaurant,서울 마포구 망원로8길 14,37.55682537068024,126.90584596471199,50,{식사},"{lunch,dinner}",http://place.map.kakao.com/2143093783,true
98838254,원당수제고로케,mangwon,restaurant,서울 마포구 망원로8길 9,37.55705160461213,126.90595093350385,50,{식사},"{lunch,dinner}",http://place.map.kakao.com/98838254,true
26527877,맛있는집,mangwon,restaurant,서울 마포구 망원로8길 30,37.5561876393085,126.906065193766,50,{식사},"{lunch,dinner}",http://place.map.kakao.com/26527877,true
21540676,장충동한방족발,mangwon,restaurant,서울 마포구 망원로8길 30,37.5561840389247,126.906069725263,50,{식사},"{lunch,dinner}",http://place.map.kakao.com/21540676,true
11891247,할머니빈대떡 망원본점,mangwon,restaurant,서울 마포구 포은로8길 17,37.55659372706191,126.90573647636475,50,{식사},"{lunch,dinner}",http://place.map.kakao.com/11891247,true
788925882,토터,mangwon,restaurant,서울 마포구 포은로6길 39,37.556155204515655,126.90720603233608,50,{식사},"{lunch,dinner}",http://place.map.kakao.com/788925882,true
2074851683,덴버,mangwon,restaurant,서울 마포구 포은로6길 39,37.5561552045157,126.907206032336,50,{식사},"{lunch,dinner}",http://place.map.kakao.com/2074851683,true
21763748,오지개,mangwon,restaurant,서울 마포구 포은로6길 25,37.55599864585127,126.90633704896779,50,{식사},"{lunch,dinner}",http://place.map.kakao.com/21763748,true
1110876391,훈훈호떡,mangwon,restaurant,서울 마포구 포은로6길 25,37.5559896430759,126.906346114166,50,{식사},"{lunch,dinner}",http://place.map.kakao.com/1110876391,true
11246724,하심정,mangwon,restaurant,서울 마포구 망원로10길 21,37.5569203741786,126.907490285885,50,{식사},"{lunch,dinner}",http://place.map.kakao.com/11246724,true
1374948854,망원틈새전,mangwon,restaurant,서울 마포구 포은로6길 25,37.5559526932415,126.906334843001,50,{식사},"{lunch,dinner}",http://place.map.kakao.com/1374948854,true
11033214,고려왕족발,mangwon,restaurant,서울 마포구 포은로6길 25,37.555961678062495,126.90630314300775,50,{식사},"{lunch,dinner}",http://place.map.kakao.com/11033214,true
1443924309,비캔드,mangwon,restaurant,서울 마포구 망원로10길 11-12,37.55722121818026,126.90737673796359,50,{식사},"{lunch,dinner}",http://place.map.kakao.com/1443924309,true
29067201,스시나마,mangwon,restaurant,서울 마포구 망원로 88,37.55753405110551,126.90647093893577,50,{식사},"{lunch,dinner}",http://place.map.kakao.com/29067201,true
1346827647,망원식당,mangwon,restaurant,서울 마포구 망원로8길 6,37.557182061316105,126.90571536358144,50,{식사},"{lunch,dinner}",http://place.map.kakao.com/1346827647,true
22251823,삼겹살데이,mangwon,restaurant,서울 마포구 망원로10길 6,37.5575397076839,126.906787826022,50,{식사},"{lunch,dinner}",http://place.map.kakao.com/22251823,true
1856816187,참맛닭곰탕,mangwon,restaurant,서울 마포구 망원로8길 36,37.5559255105748,126.90614248115,50,{식사},"{lunch,dinner}",http://place.map.kakao.com/1856816187,true
20195980,혜성유통,mangwon,restaurant,서울 마포구 망원로8길 36,37.5559246095784,126.90614248228,50,{식사},"{lunch,dinner}",http://place.map.kakao.com/20195980,true
1181461605,10평파스타,mangwon,restaurant,서울 마포구 망원로 88,37.55756563347033,126.90653088301868,50,{식사},"{lunch,dinner}",http://place.map.kakao.com/1181461605,true
15219117,교동왕족발,mangwon,restaurant,서울 마포구 망원로8길 39,37.55581490092438,126.9064108419629,50,{식사},"{lunch,dinner}",http://place.map.kakao.com/15219117,true
1291730987,포트레이트 커피바,mangwon,cafe,서울 마포구 포은로8길 32,37.5565339740068,126.90650840488,50,"{카페,대화}","{cafe,dessert}",http://place.map.kakao.com/1291730987,true
1933001477,예니코스,mangwon,cafe,서울 마포구 포은로8길 32,37.556526764238,126.906506150389,50,"{카페,대화}","{cafe,dessert}",http://place.map.kakao.com/1933001477,true
924273495,레이지독케이크,mangwon,cafe,서울 마포구 포은로8길 28-6,37.5563428740222,126.906396600701,50,"{카페,대화}","{cafe,dessert}",http://place.map.kakao.com/924273495,true
963684615,범골커피,mangwon,cafe,서울 마포구 망원로8길 14,37.5568217829449,126.905866340797,50,"{카페,대화}","{cafe,dessert}",http://place.map.kakao.com/963684615,true
1132169409,페이브커피 망원시장점,mangwon,cafe,서울 마포구 망원로8길 10,37.557002818187,126.905784626581,50,"{카페,대화}","{cafe,dessert}",http://place.map.kakao.com/1132169409,true
1736421664,카페엠,mangwon,cafe,서울 마포구 포은로6길 27,37.55596631136814,126.90646497617551,50,"{카페,대화}","{cafe,dessert}",http://place.map.kakao.com/1736421664,true
1276840687,인비트윈,mangwon,cafe,서울 마포구 포은로6길 39,37.55613994536898,126.90727961459659,50,"{카페,대화}","{cafe,dessert}",http://place.map.kakao.com/1276840687,true
588822286,요거로밀,mangwon,cafe,서울 마포구 망원로 84,37.55743642907657,126.90607494380481,50,"{카페,대화}","{cafe,dessert}",http://place.map.kakao.com/588822286,true
1641973542,우리들의아지트,mangwon,cafe,서울 마포구 월드컵로23길 20,37.55696649945828,126.90771318483128,50,"{카페,대화}","{cafe,dessert}",http://place.map.kakao.com/1641973542,true
1660653779,단고당,mangwon,cafe,서울 마포구 망원로10길 3,37.5575633833345,126.907104690787,50,"{카페,대화}","{cafe,dessert}",http://place.map.kakao.com/1660653779,true
1657237532,두두리두팡 망원본점,mangwon,cafe,서울 마포구 월드컵로23길 19,37.55690449241811,126.90792037251231,50,"{카페,대화}","{cafe,dessert}",http://place.map.kakao.com/1657237532,true
1913867081,카페밤비 2호점,mangwon,cafe,서울 마포구 월드컵로21길 18,37.556823487442,126.908029120574,50,"{카페,대화}","{cafe,dessert}",http://place.map.kakao.com/1913867081,true
27481601,딥블루레이크,mangwon,cafe,서울 마포구 포은로6길 11,37.55581612205953,126.90568086892758,50,"{카페,대화}","{cafe,dessert}",http://place.map.kakao.com/27481601,true
445276408,도쿄빙수 본점,mangwon,cafe,서울 마포구 포은로8길 9,37.556435572316495,126.90513684907431,50,"{카페,대화}","{cafe,dessert}",http://place.map.kakao.com/445276408,true
1886415074,보통공원,mangwon,cafe,서울 마포구 망원로 79,37.55763608016845,126.90561066902505,50,"{카페,대화}","{cafe,dessert}",http://place.map.kakao.com/1886415074,true
1955254709,메가MGC커피 망원시장점,mangwon,cafe,서울 마포구 망원로 79,37.5576360801685,126.905610669025,50,"{카페,대화}","{cafe,dessert}",http://place.map.kakao.com/1955254709,true
2019948822,하마하마,mangwon,cafe,서울 마포구 망원로 79,37.5576360801685,126.905610669025,50,"{카페,대화}","{cafe,dessert}",http://place.map.kakao.com/2019948822,true
739373855,파사도 망원,mangwon,cafe,서울 마포구 포은로6길 9,37.5557871997154,126.905567731547,50,"{카페,대화}","{cafe,dessert}",http://place.map.kakao.com/739373855,true
482503810,비바보사 망원,mangwon,cafe,서울 마포구 망원로 96-1,37.5577349101811,126.907534549614,50,"{카페,대화}","{cafe,dessert}",http://place.map.kakao.com/482503810,true
1900464075,아브르드팡,mangwon,cafe,서울 마포구 월드컵로21길 14,37.5569884807501,126.908171519112,50,"{카페,대화}","{cafe,dessert}",http://place.map.kakao.com/1900464075,true
968386360,이롭커피베이크,mangwon,cafe,서울 마포구 월드컵로19길 42,37.55571229752425,126.90769549201244,50,"{카페,대화}","{cafe,dessert}",http://place.map.kakao.com/968386360,true
143882097,돌담마루 커피바,mangwon,cafe,서울 마포구 망원로 74,37.5572256203911,126.904979664645,50,"{카페,대화}","{cafe,dessert}",http://place.map.kakao.com/143882097,true
1371486408,마르뜨,mangwon,cafe,서울 마포구 포은로 106-1,37.5565578527785,126.904819804068,50,"{카페,대화}","{cafe,dessert}",http://place.map.kakao.com/1371486408,true
75453582,해브어,mangwon,cafe,서울 마포구 월드컵로17길 38,37.55572508644227,126.90791956024505,50,"{카페,대화}","{cafe,dessert}",http://place.map.kakao.com/75453582,true
1423394242,카페빈틈m,mangwon,cafe,서울 마포구 망원로7길 3-6,37.557724133099256,126.90530498069732,50,"{카페,대화}","{cafe,dessert}",http://place.map.kakao.com/1423394242,true
1745453749,카페무계획,mangwon,cafe,서울 마포구 포은로 100,37.5558841225636,126.905087751569,50,"{카페,대화}","{cafe,dessert}",http://place.map.kakao.com/1745453749,true
1213024880,고드니 망원,mangwon,cafe,서울 마포구 포은로 108,37.5566497069308,126.90476083616726,50,"{카페,대화}","{cafe,dessert}",http://place.map.kakao.com/1213024880,true
1536487352,망원 지튼,mangwon,cafe,서울 마포구 망원로 73,37.557513995596,126.905049467857,50,"{카페,대화}","{cafe,dessert}",http://place.map.kakao.com/1536487352,true
731433223,티노마드,mangwon,cafe,서울 마포구 포은로 112,37.5569559844524,126.904684618711,50,"{카페,대화}","{cafe,dessert}",http://place.map.kakao.com/731433223,true
1616501763,더파인트,mangwon,cafe,서울 마포구 월드컵로23길 5,37.5574075829315,126.908349823341,50,"{카페,대화}","{cafe,dessert}",http://place.map.kakao.com/1616501763,true
32476204,도눔엑스데오커피,mangwon,cafe,서울 마포구 월드컵로25길 13,37.5582570790382,126.907013287548,50,"{카페,대화}","{cafe,dessert}",http://place.map.kakao.com/32476204,true
266569400,필리커피,mangwon,cafe,서울 마포구 망원동 517,37.5581750502248,126.905828421632,50,"{카페,대화}","{cafe,dessert}",http://place.map.kakao.com/266569400,true
742475019,이어케이크,mangwon,cafe,서울 마포구 포은로 112,37.556987466302665,126.90461893673685,50,"{카페,대화}","{cafe,dessert}",http://place.map.kakao.com/742475019,true
173906030,9램,mangwon,cafe,서울 마포구 포은로 105,37.5563477699722,126.904633333051,50,"{카페,대화}","{cafe,dessert}",http://place.map.kakao.com/173906030,true
430451582,러프러프,mangwon,cafe,서울 마포구 포은로 105-1,37.5564783833353,126.90459468714,50,"{카페,대화}","{cafe,dessert}",http://place.map.kakao.com/430451582,true
1985908733,컵스커피,mangwon,cafe,서울 마포구 포은로 107,37.556573858757666,126.90455721765922,50,"{카페,대화}","{cafe,dessert}",http://place.map.kakao.com/1985908733,true
1350678014,WWW스페이스2,mangwon,culture,서울 마포구 월드컵로 163-5,37.5619939028646,126.904122471322,50,"{문화,실내}","{culture,walk}",http://place.map.kakao.com/1350678014,true
895051248,서울명예도로 성산천길,mangwon,attraction,서울 마포구 성산동 206-1,37.5636704764941,126.903900742368,50,"{구경,산책}","{walk,culture}",http://place.map.kakao.com/895051248,true
1218219193,스트릿츄러스 한강버스망원점,mangwon,restaurant,서울 마포구 마포나루길 420,37.5546608105199,126.894744239137,50,{식사},"{lunch,dinner}",http://place.map.kakao.com/1218219193,true
65852876,BBQ 한강버스망원선착장점,mangwon,restaurant,서울 마포구 망원동 205-8,37.55457245940266,126.89468438224607,50,{식사},"{lunch,dinner}",http://place.map.kakao.com/65852876,true
1940070759,써브웨이 망원한강공원점,mangwon,restaurant,서울 마포구 망원동 205-8,37.55395005181516,126.89590524198758,50,{식사},"{lunch,dinner}",http://place.map.kakao.com/1940070759,true
797472816,탐스바베큐 TOM'S B.B.Q,mangwon,restaurant,서울 마포구 마포나루길 435,37.5540143541986,126.896282012457,50,{식사},"{lunch,dinner}",http://place.map.kakao.com/797472816,true
195363435,풍년,mangwon,restaurant,서울 마포구 마포나루길 435,37.5540143541923,126.896282012458,50,{식사},"{lunch,dinner}",http://place.map.kakao.com/195363435,true
16471669,강동원,mangwon,restaurant,서울 마포구 망원로 3,37.5559172623921,126.897314917439,50,{식사},"{lunch,dinner}",http://place.map.kakao.com/16471669,true
967541611,큐큐치킨,mangwon,restaurant,서울 마포구 망원로 3-1,37.555888501354154,126.89739644216915,50,{식사},"{lunch,dinner}",http://place.map.kakao.com/967541611,true
16378317,한강가자,mangwon,restaurant,서울 마포구 망원로 7,37.5559969036797,126.897722235073,50,{식사},"{lunch,dinner}",http://place.map.kakao.com/16378317,true
19452227,부산본가,mangwon,restaurant,서울 마포구 망원로 7-1,37.55600871167237,126.89783199787082,50,{식사},"{lunch,dinner}",http://place.map.kakao.com/19452227,true
1038327447,망원샌드,mangwon,restaurant,서울 마포구 망원로 13,37.5561235728886,126.898335466847,50,{식사},"{lunch,dinner}",http://place.map.kakao.com/1038327447,true
1783935593,깡치네 망원본점,mangwon,restaurant,서울 마포구 망원로 15,37.556132748353974,126.89852785077514,50,{식사},"{lunch,dinner}",http://place.map.kakao.com/1783935593,true
269169654,120겹PIE,mangwon,restaurant,서울 마포구 희우정로 129-10,37.5555023326407,126.898856908435,50,{식사},"{lunch,dinner}",http://place.map.kakao.com/269169654,true
1717279625,포옹남망원,mangwon,restaurant,서울 마포구 방울내로 1,37.55627519809139,126.89863517345344,50,{식사},"{lunch,dinner}",http://place.map.kakao.com/1717279625,true
81616346,한강돼지집,mangwon,restaurant,서울 마포구 방울내로 1,37.5562679949867,126.898640841937,50,{식사},"{lunch,dinner}",http://place.map.kakao.com/81616346,true
16048039,연탄불소금구이,mangwon,restaurant,서울 마포구 방울내로 3,37.55634275239898,126.89861131526732,50,{식사},"{lunch,dinner}",http://place.map.kakao.com/16048039,true
1052780910,계륵장군,mangwon,restaurant,서울 마포구 망원로 17,37.5561905743906,126.898716773674,50,{식사},"{lunch,dinner}",http://place.map.kakao.com/1052780910,true
677182056,해물장수,mangwon,restaurant,서울 마포구 망원로 16,37.5558934405712,126.898944655542,50,{식사},"{lunch,dinner}",http://place.map.kakao.com/677182056,true
1732440983,티바두마리치킨 망원점,mangwon,restaurant,서울 마포구 망원로 16,37.5558916414911,126.898948053191,50,{식사},"{lunch,dinner}",http://place.map.kakao.com/1732440983,true
1836184766,행복나들맛집,mangwon,restaurant,서울 마포구 망원로 16,37.5558539051644,126.899071463729,50,{식사},"{lunch,dinner}",http://place.map.kakao.com/1836184766,true
15188439,마포나루,mangwon,restaurant,서울 마포구 희우정로 131,37.555799915019,126.899153021715,50,{식사},"{lunch,dinner}",http://place.map.kakao.com/15188439,true
1639736108,망원리 황태 콩나물해장국,mangwon,restaurant,서울 마포구 희우정로 131,37.555798120753,126.899162078041,50,{식사},"{lunch,dinner}",http://place.map.kakao.com/1639736108,true
16048027,용머리감자탕,mangwon,restaurant,서울 마포구 망원로 19,37.55633855397729,126.89896895288409,50,{식사},"{lunch,dinner}",http://place.map.kakao.com/16048027,true
1860817413,박군치킨,mangwon,restaurant,서울 마포구 희우정로 127,37.5556343248257,126.899379592056,50,{식사},"{lunch,dinner}",http://place.map.kakao.com/1860817413,true
16050371,전라도추어탕,mangwon,restaurant,서울 마포구 희우정로 127,37.5556523486079,126.899384094767,50,{식사},"{lunch,dinner}",http://place.map.kakao.com/16050371,true
2073687722,고기로19,mangwon,restaurant,서울 마포구 망원로 19,37.5563278765217,126.899126280057,50,{식사},"{lunch,dinner}",http://place.map.kakao.com/2073687722,true
16047613,가정식고바우식당,mangwon,restaurant,서울 마포구 망원로 19,37.556340510776046,126.89915002970481,50,{식사},"{lunch,dinner}",http://place.map.kakao.com/16047613,true
861821350,신당동이모네곱창,mangwon,restaurant,서울 마포구 망원로 19,37.5562756989686,126.89922028528,50,{식사},"{lunch,dinner}",http://place.map.kakao.com/861821350,true
1229061292,okens Seoul 망원 익스프레스,mangwon,restaurant,서울 마포구 망원로 22,37.5560487589588,126.899350741261,50,{식사},"{lunch,dinner}",http://place.map.kakao.com/1229061292,true
1237243122,진토리닭곰탕,mangwon,restaurant,서울 마포구 희우정로 130,37.5559281671716,126.899517269293,50,{식사},"{lunch,dinner}",http://place.map.kakao.com/1237243122,true
780895144,꽃삼정 본점,mangwon,restaurant,서울 마포구 희우정로 128-1,37.55582731913563,126.89959209947213,50,{식사},"{lunch,dinner}",http://place.map.kakao.com/780895144,true
6504788,마초나초,mangwon,restaurant,서울 마포구 희우정로 128,37.55573554542861,126.89974274369494,50,{식사},"{lunch,dinner}",http://place.map.kakao.com/6504788,true
16762392,상암한우한마리,mangwon,restaurant,서울 마포구 희우정로 126,37.5557211976975,126.899823116263,50,{식사},"{lunch,dinner}",http://place.map.kakao.com/16762392,true
11969069,만복기사식당,mangwon,restaurant,서울 마포구 희우정로 121,37.5552707878608,126.899927838397,50,{식사},"{lunch,dinner}",http://place.map.kakao.com/11969069,true
16268949,상암순대국,mangwon,restaurant,서울 마포구 희우정로 124,37.5556275938922,126.899940942095,50,{식사},"{lunch,dinner}",http://place.map.kakao.com/16268949,true
13319939,용머리 횟집,mangwon,restaurant,서울 마포구 희우정로 122-1,37.55555921115677,126.90005081180581,50,{식사},"{lunch,dinner}",http://place.map.kakao.com/13319939,true
1655002082,디디앤숲,mangwon,restaurant,서울 마포구 방울내로 24-33,37.5578033465382,126.898702141326,50,{식사},"{lunch,dinner}",http://place.map.kakao.com/1655002082,true
486940909,리틀스탠드레몽,mangwon,restaurant,서울 마포구 방울내로 24-1,37.5579375434496,126.898641975807,50,{식사},"{lunch,dinner}",http://place.map.kakao.com/486940909,true
1341512562,피자빌스,mangwon,restaurant,서울 마포구 방울내로 24,37.5580267507819,126.898652040922,50,{식사},"{lunch,dinner}",http://place.map.kakao.com/1341512562,true
1261558408,망원돈,mangwon,restaurant,서울 마포구 망원로 29,37.5565098416025,126.900143477307,50,{식사},"{lunch,dinner}",http://place.map.kakao.com/1261558408,true
1251590315,블랑제리코팡,mangwon,restaurant,서울 마포구 희우정로 115,37.5549144677374,126.900489650514,50,{식사},"{lunch,dinner}",http://place.map.kakao.com/1251590315,true
1745514021,르보분,mangwon,restaurant,서울 마포구 희우정로 118,37.5552568501611,126.900493722167,50,{식사},"{lunch,dinner}",http://place.map.kakao.com/1745514021,true
1799670337,김밥천국 평화의공원점,mangwon,restaurant,서울 마포구 월드컵로25길 139,37.55680708221285,126.90003895932472,50,{식사},"{lunch,dinner}",http://place.map.kakao.com/1799670337,true
75881749,망원동 나경이네,mangwon,restaurant,서울 마포구 희우정로20길 3,37.5553506023988,126.900551315824,50,{식사},"{lunch,dinner}",http://place.map.kakao.com/75881749,true
1707192274,가족식탁 망원점,mangwon,restaurant,서울 마포구 희우정로 116,37.55513806349381,126.90066590283931,50,{식사},"{lunch,dinner}",http://place.map.kakao.com/1707192274,true
1965274189,신현만의한우곰탕 육회비빔밥,mangwon,restaurant,서울 마포구 희우정로 116,37.5551398645343,126.90066476872,50,{식사},"{lunch,dinner}",http://place.map.kakao.com/1965274189,true
1299166899,뉴케이스 망원본점,mangwon,cafe,서울 마포구 망원동 205-8,37.55450135940114,126.89477275636693,50,"{카페,대화}","{cafe,dessert}",http://place.map.kakao.com/1299166899,true
1752574662,스타벅스 망원한강공원점,mangwon,cafe,서울 마포구 망원동 205-8,37.55392483489065,126.89591772587283,50,"{카페,대화}","{cafe,dessert}",http://place.map.kakao.com/1752574662,true
624755908,사공일구이 커뮤니티,mangwon,cafe,서울 마포구 망원로 5,37.5559688521347,126.897583069268,50,"{카페,대화}","{cafe,dessert}",http://place.map.kakao.com/624755908,true
862549184,카페리 망원점,mangwon,cafe,서울 마포구 월드컵로25길 190,37.556765697004494,126.89696517327899,50,"{카페,대화}","{cafe,dessert}",http://place.map.kakao.com/862549184,true
1839858336,에이엠커피,mangwon,cafe,서울 마포구 망원로 7-12,37.55637995633273,126.89787110217239,50,"{카페,대화}","{cafe,dessert}",http://place.map.kakao.com/1839858336,true
1035384075,메가MGC커피 마포시민공원점,mangwon,cafe,서울 마포구 망원로 19,37.55625932440439,126.89903696457539,50,"{카페,대화}","{cafe,dessert}",http://place.map.kakao.com/1035384075,true
996526822,빽다방 마포시민공원점,mangwon,cafe,서울 마포구 망원로 19,37.556268431086856,126.89915012684402,50,"{카페,대화}","{cafe,dessert}",http://place.map.kakao.com/996526822,true
424043959,우지커피 망원한강공원점,mangwon,cafe,서울 마포구 망원로 22,37.5560523484711,126.899333760299,50,"{카페,대화}","{cafe,dessert}",http://place.map.kakao.com/424043959,true
1671021007,노웨어홈,mangwon,cafe,서울 마포구 망원로 24,37.556109354996956,126.89962001463105,50,"{카페,대화}","{cafe,dessert}",http://place.map.kakao.com/1671021007,true
398475865,하츠헤븐,mangwon,cafe,서울 마포구 희우정로 128,37.5557787884419,126.899737027071,50,"{카페,대화}","{cafe,dessert}",http://place.map.kakao.com/398475865,true
1485587728,지누스,mangwon,cafe,서울 마포구 망원로 26,37.556097887045695,126.89990862447327,50,"{카페,대화}","{cafe,dessert}",http://place.map.kakao.com/1485587728,true
1611340177,딥블루레이크,mangwon,cafe,서울 마포구 희우정로 117-1,37.5551394110497,126.90012719829,50,"{카페,대화}","{cafe,dessert}",http://place.map.kakao.com/1611340177,true
1406224236,삼공,mangwon,cafe,서울 마포구 망원로1길 12,37.55701717128561,126.90022428681313,50,"{카페,대화}","{cafe,dessert}",http://place.map.kakao.com/1406224236,true
1262692306,아더커피 망원점,mangwon,cafe,서울 마포구 희우정로 108,37.554711552959496,126.90133644840094,50,"{카페,대화}","{cafe,dessert}",http://place.map.kakao.com/1262692306,true
659749618,Uig,mangwon,cafe,서울 마포구 망원로3길 7,37.5570452277427,126.901446547304,50,"{카페,대화}","{cafe,dessert}",http://place.map.kakao.com/659749618,true
616856088,프뤼떼마지,mangwon,cafe,서울 마포구 망원로3길 35-1,37.5581887781817,126.90059281491,50,"{카페,대화}","{cafe,dessert}",http://place.map.kakao.com/616856088,true
636625983,M1CT,mangwon,cafe,서울 마포구 희우정로15길 13,37.5534413971428,126.90163689243016,50,"{카페,대화}","{cafe,dessert}",http://place.map.kakao.com/636625983,true
394201778,한강에스프레소,mangwon,cafe,서울 마포구 희우정로 97,37.553910109351655,126.90186940863782,50,"{카페,대화}","{cafe,dessert}",http://place.map.kakao.com/394201778,true
601066045,제로어쎔,mangwon,cafe,서울 마포구 망원로4길 23,37.5556582959742,126.90217268511,50,"{카페,대화}","{cafe,dessert}",http://place.map.kakao.com/601066045,true
1827156911,로잉커피바,mangwon,cafe,서울 마포구 망원로4길 23,37.5556673096878,126.902177200273,50,"{카페,대화}","{cafe,dessert}",http://place.map.kakao.com/1827156911,true
680429098,센토브,mangwon,cafe,서울 마포구 희우정로 98,37.5541572021977,126.902133905639,50,"{카페,대화}","{cafe,dessert}",http://place.map.kakao.com/680429098,true
1340459615,피우커피,mangwon,cafe,서울 마포구 포은로5길 47,37.5549908318985,126.902384058717,50,"{카페,대화}","{cafe,dessert}",http://place.map.kakao.com/1340459615,true
1324444548,고체,mangwon,cafe,서울 마포구 희우정로 94,37.5539321928394,126.902423917703,50,"{카페,대화}","{cafe,dessert}",http://place.map.kakao.com/1324444548,true
763332807,종이숲,mangwon,cafe,서울 마포구 희우정로 93,37.5536194777792,126.902340579211,50,"{카페,대화}","{cafe,dessert}",http://place.map.kakao.com/763332807,true
31988344,메이크제로존,mangwon,cafe,서울 마포구 망원로 49,37.5569188281018,126.902217439209,50,"{카페,대화}","{cafe,dessert}",http://place.map.kakao.com/31988344,true
1503698770,쓰리고카페,mangwon,cafe,서울 마포구 희우정로 91,37.5535051578451,126.902469742619,50,"{카페,대화}","{cafe,dessert}",http://place.map.kakao.com/1503698770,true
967799425,소피,mangwon,cafe,서울 마포구 망원로 49-1,37.5569703721133,126.902443723096,50,"{카페,대화}","{cafe,dessert}",http://place.map.kakao.com/967799425,true
180848635,히피커피,mangwon,cafe,서울 마포구 희우정로16길 16,37.5543560325769,126.902873788326,50,"{카페,대화}","{cafe,dessert}",http://place.map.kakao.com/180848635,true
307803660,달보드레,mangwon,cafe,서울 마포구 월드컵로25길 95,37.5573010834882,126.902498748248,50,"{카페,대화}","{cafe,dessert}",http://place.map.kakao.com/307803660,true
1293967995,텀어우드,mangwon,cafe,서울 마포구 망원로2길 69,37.5541524845911,126.902967984719,50,"{카페,대화}","{cafe,dessert}",http://place.map.kakao.com/1293967995,true
27302110,카페카카,mangwon,cafe,서울 마포구 망원로 54-1,37.5567689026162,126.902872920191,50,"{카페,대화}","{cafe,dessert}",http://place.map.kakao.com/27302110,true
1535275573,하우스오브바이닐 망원점,mangwon,cafe,서울 마포구 희우정로16길 23,37.5546320459869,126.903249161428,50,"{카페,대화}","{cafe,dessert}",http://place.map.kakao.com/1535275573,true
162670710,호버,mangwon,cafe,서울 마포구 포은로5길 30,37.5553736587215,126.90336137585226,50,"{카페,대화}","{cafe,dessert}",http://place.map.kakao.com/162670710,true
156037189,피망룸,mangwon,cafe,서울 마포구 희우정로20길 54,37.5559142296523,126.903327857313,50,"{카페,대화}","{cafe,dessert}",http://place.map.kakao.com/156037189,true
938212941,고리,mangwon,cafe,서울 마포구 월드컵로25길 89,37.5573878589936,126.902838163938,50,"{카페,대화}","{cafe,dessert}",http://place.map.kakao.com/938212941,true
1442818966,파운드마켓 망원점,mangwon,cafe,서울 마포구 망원로6길 30,37.55565935140956,126.90345494104126,50,"{카페,대화}","{cafe,dessert}",http://place.map.kakao.com/1442818966,true
753961371,스테어,mangwon,cafe,서울 마포구 방울내로 54-1,37.55927433596933,126.90149680555983,50,"{카페,대화}","{cafe,dessert}",http://place.map.kakao.com/753961371,true
879138848,올웨이즈어거스트,mangwon,cafe,서울 마포구 망원로6길 19,37.55610990229458,126.9035188691369,50,"{카페,대화}","{cafe,dessert}",http://place.map.kakao.com/879138848,true
1314682474,로트,mangwon,cafe,서울 마포구 희우정로16길 31,37.554719748997,126.903623648083,50,"{카페,대화}","{cafe,dessert}",http://place.map.kakao.com/1314682474,true
282328816,포스트노빌즈,mangwon,cafe,서울 마포구 망원로2길 82,37.5536230688153,126.903420221648,50,"{카페,대화}","{cafe,dessert}",http://place.map.kakao.com/282328816,true
318400738,카페 아이미마인,mangwon,cafe,서울 마포구 망원로6길 46,37.554927016055046,126.90366978189763,50,"{카페,대화}","{cafe,dessert}",http://place.map.kakao.com/318400738,true
1505585380,컨트롤에스라이프,mangwon,cafe,서울 마포구 희우정로12길 4,37.553379807116,126.903429589185,50,"{카페,대화}","{cafe,dessert}",http://place.map.kakao.com/1505585380,true
1322416880,퍼스널커피,mangwon,cafe,서울 마포구 망원로6길 50,37.5547261510683,126.903740207231,50,"{카페,대화}","{cafe,dessert}",http://place.map.kakao.com/1322416880,true
740889834,소소한작업실,mangwon,cafe,서울 마포구 희우정로12길 8,37.55343393631172,126.90351439704403,50,"{카페,대화}","{cafe,dessert}",http://place.map.kakao.com/740889834,true
2129652732,카페게이트 망원한강점,mangwon,cafe,서울 마포구 망원로 59,37.5571630502114,126.903374909656,50,"{카페,대화}","{cafe,dessert}",http://place.map.kakao.com/2129652732,true
1835025930,망원나들목 래빗뮤지엄,mangwon,culture,서울 마포구 망원동 205-5,37.55507298706961,126.89623753964209,50,"{문화,실내}","{culture,walk}",http://place.map.kakao.com/1835025930,true
27376150,박시환숲,mangwon,attraction,서울 마포구 증산로 32,37.5629391712896,126.894747307598,50,"{구경,산책}","{walk,culture}",http://place.map.kakao.com/27376150,true
27315731,손나은숲,mangwon,attraction,서울 마포구 증산로 32,37.5629783173144,126.8941903838,50,"{구경,산책}","{walk,culture}",http://place.map.kakao.com/27315731,true
1082572795,정용화숲,mangwon,attraction,서울 마포구 증산로 32,37.5630290606739,126.894511756801,50,"{구경,산책}","{walk,culture}",http://place.map.kakao.com/1082572795,true
